word,UR,item_type,condition,pattern,file_name
mawwa_token,mawwa,HAn,glide,AH,mawwa_token_raw.npy
mawwa_token,mawwa,HAn,glide,SG,mawwa_token_raw.npy
mawwe_token,mawwe,HAn,glide,AH,mawwe_token_raw.npy
mawwe_token,mawwe,HAn,glide,SG,mawwe_token_raw.npy
mawwo_token,mawwo,HAn,glide,AH,mawwo_token_raw.npy
mawwo_token,mawwo,HAn,glide,SG,mawwo_token_raw.npy
mawja_token,mawja,HAn,glide,AH,mawja_token_raw.npy
mawja_token,mawja,HAn,glide,SG,mawja_token_raw.npy
mawje_token,mawje,HAn,glide,AH,mawje_token_raw.npy
mawje_token,mawje,HAn,glide,SG,mawje_token_raw.npy
mawjo_token,mawjo,HAn,glide,AH,mawjo_token_raw.npy
mawjo_token,mawjo,HAn,glide,SG,mawjo_token_raw.npy
majwa_token,majwa,HAn,glide,AH,majwa_token_raw.npy
majwa_token,majwa,HAn,glide,SG,majwa_token_raw.npy
majwe_token,majwe,HAn,glide,AH,majwe_token_raw.npy
majwe_token,majwe,HAn,glide,SG,majwe_token_raw.npy
majwo_token,majwo,HAn,glide,AH,majwo_token_raw.npy
majwo_token,majwo,HAn,glide,SG,majwo_token_raw.npy
majja_token,majja,HAn,glide,AH,majja_token_raw.npy
majja_token,majja,HAn,glide,SG,majja_token_raw.npy
majje_token,majje,HAn,glide,AH,majje_token_raw.npy
majje_token,majje,HAn,glide,SG,majje_token_raw.npy
majjo_token,majjo,HAn,glide,AH,majjo_token_raw.npy
majjo_token,majjo,HAn,glide,SG,majjo_token_raw.npy
mewwa_token,mewwa,HAn,glide,AH,mewwa_token_raw.npy
mewwa_token,mewwa,HAn,glide,SG,mewwa_token_raw.npy
mewwe_token,mewwe,HAn,glide,AH,mewwe_token_raw.npy
mewwe_token,mewwe,HAn,glide,SG,mewwe_token_raw.npy
mewwo_token,mewwo,HAn,glide,AH,mewwo_token_raw.npy
mewwo_token,mewwo,HAn,glide,SG,mewwo_token_raw.npy
mewja_token,mewja,HAn,glide,AH,mewja_token_raw.npy
mewja_token,mewja,HAn,glide,SG,mewja_token_raw.npy
mewje_token,mewje,HAn,glide,AH,mewje_token_raw.npy
mewje_token,mewje,HAn,glide,SG,mewje_token_raw.npy
mewjo_token,mewjo,HAn,glide,AH,mewjo_token_raw.npy
mewjo_token,mewjo,HAn,glide,SG,mewjo_token_raw.npy
mejwa_token,mejwa,HAn,glide,AH,mejwa_token_raw.npy
mejwa_token,mejwa,HAn,glide,SG,mejwa_token_raw.npy
mejwe_token,mejwe,HAn,glide,AH,mejwe_token_raw.npy
mejwe_token,mejwe,HAn,glide,SG,mejwe_token_raw.npy
mejwo_token,mejwo,HAn,glide,AH,mejwo_token_raw.npy
mejwo_token,mejwo,HAn,glide,SG,mejwo_token_raw.npy
mejja_token,mejja,HAn,glide,AH,mejja_token_raw.npy
mejja_token,mejja,HAn,glide,SG,mejja_token_raw.npy
mejje_token,mejje,HAn,glide,AH,mejje_token_raw.npy
mejje_token,mejje,HAn,glide,SG,mejje_token_raw.npy
mejjo_token,mejjo,HAn,glide,AH,mejjo_token_raw.npy
mejjo_token,mejjo,HAn,glide,SG,mejjo_token_raw.npy
mowwa_token,mowwa,HAn,glide,AH,mowwa_token_raw.npy
mowwa_token,mowwa,HAn,glide,SG,mowwa_token_raw.npy
mowwe_token,mowwe,HAn,glide,AH,mowwe_token_raw.npy
mowwe_token,mowwe,HAn,glide,SG,mowwe_token_raw.npy
mowwo_token,mowwo,HAn,glide,AH,mowwo_token_raw.npy
mowwo_token,mowwo,HAn,glide,SG,mowwo_token_raw.npy
mowja_token,mowja,HAn,glide,AH,mowja_token_raw.npy
mowja_token,mowja,HAn,glide,SG,mowja_token_raw.npy
mowje_token,mowje,HAn,glide,AH,mowje_token_raw.npy
mowje_token,mowje,HAn,glide,SG,mowje_token_raw.npy
mowjo_token,mowjo,HAn,glide,AH,mowjo_token_raw.npy
mowjo_token,mowjo,HAn,glide,SG,mowjo_token_raw.npy
mojwa_token,mojwa,HAn,glide,AH,mojwa_token_raw.npy
mojwa_token,mojwa,HAn,glide,SG,mojwa_token_raw.npy
mojwe_token,mojwe,HAn,glide,AH,mojwe_token_raw.npy
mojwe_token,mojwe,HAn,glide,SG,mojwe_token_raw.npy
mojwo_token,mojwo,HAn,glide,AH,mojwo_token_raw.npy
mojwo_token,mojwo,HAn,glide,SG,mojwo_token_raw.npy
mojja_token,mojja,HAn,glide,AH,mojja_token_raw.npy
mojja_token,mojja,HAn,glide,SG,mojja_token_raw.npy
mojje_token,mojje,HAn,glide,AH,mojje_token_raw.npy
mojje_token,mojje,HAn,glide,SG,mojje_token_raw.npy
mojjo_token,mojjo,HAn,glide,AH,mojjo_token_raw.npy
mojjo_token,mojjo,HAn,glide,SG,mojjo_token_raw.npy
nawwa_token,nawwa,HAn,glide,AH,nawwa_token_raw.npy
nawwa_token,nawwa,HAn,glide,SG,nawwa_token_raw.npy
nawwe_token,nawwe,HAn,glide,AH,nawwe_token_raw.npy
nawwe_token,nawwe,HAn,glide,SG,nawwe_token_raw.npy
nawwo_token,nawwo,HAn,glide,AH,nawwo_token_raw.npy
nawwo_token,nawwo,HAn,glide,SG,nawwo_token_raw.npy
nawja_token,nawja,HAn,glide,AH,nawja_token_raw.npy
nawja_token,nawja,HAn,glide,SG,nawja_token_raw.npy
nawje_token,nawje,HAn,glide,AH,nawje_token_raw.npy
nawje_token,nawje,HAn,glide,SG,nawje_token_raw.npy
nawjo_token,nawjo,HAn,glide,AH,nawjo_token_raw.npy
nawjo_token,nawjo,HAn,glide,SG,nawjo_token_raw.npy
najwa_token,najwa,HAn,glide,AH,najwa_token_raw.npy
najwa_token,najwa,HAn,glide,SG,najwa_token_raw.npy
najwe_token,najwe,HAn,glide,AH,najwe_token_raw.npy
najwe_token,najwe,HAn,glide,SG,najwe_token_raw.npy
najwo_token,najwo,HAn,glide,AH,najwo_token_raw.npy
najwo_token,najwo,HAn,glide,SG,najwo_token_raw.npy
najja_token,najja,HAn,glide,AH,najja_token_raw.npy
najja_token,najja,HAn,glide,SG,najja_token_raw.npy
najje_token,najje,HAn,glide,AH,najje_token_raw.npy
najje_token,najje,HAn,glide,SG,najje_token_raw.npy
najjo_token,najjo,HAn,glide,AH,najjo_token_raw.npy
najjo_token,najjo,HAn,glide,SG,najjo_token_raw.npy
newwa_token,newwa,HAn,glide,AH,newwa_token_raw.npy
newwa_token,newwa,HAn,glide,SG,newwa_token_raw.npy
newwe_token,newwe,HAn,glide,AH,newwe_token_raw.npy
newwe_token,newwe,HAn,glide,SG,newwe_token_raw.npy
newwo_token,newwo,HAn,glide,AH,newwo_token_raw.npy
newwo_token,newwo,HAn,glide,SG,newwo_token_raw.npy
newja_token,newja,HAn,glide,AH,newja_token_raw.npy
newja_token,newja,HAn,glide,SG,newja_token_raw.npy
newje_token,newje,HAn,glide,AH,newje_token_raw.npy
newje_token,newje,HAn,glide,SG,newje_token_raw.npy
newjo_token,newjo,HAn,glide,AH,newjo_token_raw.npy
newjo_token,newjo,HAn,glide,SG,newjo_token_raw.npy
nejwa_token,nejwa,HAn,glide,AH,nejwa_token_raw.npy
nejwa_token,nejwa,HAn,glide,SG,nejwa_token_raw.npy
nejwe_token,nejwe,HAn,glide,AH,nejwe_token_raw.npy
nejwe_token,nejwe,HAn,glide,SG,nejwe_token_raw.npy
nejwo_token,nejwo,HAn,glide,AH,nejwo_token_raw.npy
nejwo_token,nejwo,HAn,glide,SG,nejwo_token_raw.npy
nejja_token,nejja,HAn,glide,AH,nejja_token_raw.npy
nejja_token,nejja,HAn,glide,SG,nejja_token_raw.npy
nejje_token,nejje,HAn,glide,AH,nejje_token_raw.npy
nejje_token,nejje,HAn,glide,SG,nejje_token_raw.npy
nejjo_token,nejjo,HAn,glide,AH,nejjo_token_raw.npy
nejjo_token,nejjo,HAn,glide,SG,nejjo_token_raw.npy
nowwa_token,nowwa,HAn,glide,AH,nowwa_token_raw.npy
nowwa_token,nowwa,HAn,glide,SG,nowwa_token_raw.npy
nowwe_token,nowwe,HAn,glide,AH,nowwe_token_raw.npy
nowwe_token,nowwe,HAn,glide,SG,nowwe_token_raw.npy
nowwo_token,nowwo,HAn,glide,AH,nowwo_token_raw.npy
nowwo_token,nowwo,HAn,glide,SG,nowwo_token_raw.npy
nowja_token,nowja,HAn,glide,AH,nowja_token_raw.npy
nowja_token,nowja,HAn,glide,SG,nowja_token_raw.npy
nowje_token,nowje,HAn,glide,AH,nowje_token_raw.npy
nowje_token,nowje,HAn,glide,SG,nowje_token_raw.npy
nowjo_token,nowjo,HAn,glide,AH,nowjo_token_raw.npy
nowjo_token,nowjo,HAn,glide,SG,nowjo_token_raw.npy
nojwa_token,nojwa,HAn,glide,AH,nojwa_token_raw.npy
nojwa_token,nojwa,HAn,glide,SG,nojwa_token_raw.npy
nojwe_token,nojwe,HAn,glide,AH,nojwe_token_raw.npy
nojwe_token,nojwe,HAn,glide,SG,nojwe_token_raw.npy
nojwo_token,nojwo,HAn,glide,AH,nojwo_token_raw.npy
nojwo_token,nojwo,HAn,glide,SG,nojwo_token_raw.npy
nojja_token,nojja,HAn,glide,AH,nojja_token_raw.npy
nojja_token,nojja,HAn,glide,SG,nojja_token_raw.npy
nojje_token,nojje,HAn,glide,AH,nojje_token_raw.npy
nojje_token,nojje,HAn,glide,SG,nojje_token_raw.npy
nojjo_token,nojjo,HAn,glide,AH,nojjo_token_raw.npy
nojjo_token,nojjo,HAn,glide,SG,nojjo_token_raw.npy
mavva_token,mavva,HAn,fricative,AH,mavva_token_raw.npy
mavva_token,mavva,HAn,fricative,SG,mavva_token_raw.npy
mavve_token,mavve,HAn,fricative,AH,mavve_token_raw.npy
mavve_token,mavve,HAn,fricative,SG,mavve_token_raw.npy
mavvo_token,mavvo,HAn,fricative,AH,mavvo_token_raw.npy
mavvo_token,mavvo,HAn,fricative,SG,mavvo_token_raw.npy
mavza_token,mavza,HAn,fricative,AH,mavza_token_raw.npy
mavza_token,mavza,HAn,fricative,SG,mavza_token_raw.npy
mavze_token,mavze,HAn,fricative,AH,mavze_token_raw.npy
mavze_token,mavze,HAn,fricative,SG,mavze_token_raw.npy
mavzo_token,mavzo,HAn,fricative,AH,mavzo_token_raw.npy
mavzo_token,mavzo,HAn,fricative,SG,mavzo_token_raw.npy
mazva_token,mazva,HAn,fricative,AH,mazva_token_raw.npy
mazva_token,mazva,HAn,fricative,SG,mazva_token_raw.npy
mazve_token,mazve,HAn,fricative,AH,mazve_token_raw.npy
mazve_token,mazve,HAn,fricative,SG,mazve_token_raw.npy
mazvo_token,mazvo,HAn,fricative,AH,mazvo_token_raw.npy
mazvo_token,mazvo,HAn,fricative,SG,mazvo_token_raw.npy
mazza_token,mazza,HAn,fricative,AH,mazza_token_raw.npy
mazza_token,mazza,HAn,fricative,SG,mazza_token_raw.npy
mazze_token,mazze,HAn,fricative,AH,mazze_token_raw.npy
mazze_token,mazze,HAn,fricative,SG,mazze_token_raw.npy
mazzo_token,mazzo,HAn,fricative,AH,mazzo_token_raw.npy
mazzo_token,mazzo,HAn,fricative,SG,mazzo_token_raw.npy
mevva_token,mevva,HAn,fricative,AH,mevva_token_raw.npy
mevva_token,mevva,HAn,fricative,SG,mevva_token_raw.npy
mevve_token,mevve,HAn,fricative,AH,mevve_token_raw.npy
mevve_token,mevve,HAn,fricative,SG,mevve_token_raw.npy
mevvo_token,mevvo,HAn,fricative,AH,mevvo_token_raw.npy
mevvo_token,mevvo,HAn,fricative,SG,mevvo_token_raw.npy
mevza_token,mevza,HAn,fricative,AH,mevza_token_raw.npy
mevza_token,mevza,HAn,fricative,SG,mevza_token_raw.npy
mevze_token,mevze,HAn,fricative,AH,mevze_token_raw.npy
mevze_token,mevze,HAn,fricative,SG,mevze_token_raw.npy
mevzo_token,mevzo,HAn,fricative,AH,mevzo_token_raw.npy
mevzo_token,mevzo,HAn,fricative,SG,mevzo_token_raw.npy
mezva_token,mezva,HAn,fricative,AH,mezva_token_raw.npy
mezva_token,mezva,HAn,fricative,SG,mezva_token_raw.npy
mezve_token,mezve,HAn,fricative,AH,mezve_token_raw.npy
mezve_token,mezve,HAn,fricative,SG,mezve_token_raw.npy
mezvo_token,mezvo,HAn,fricative,AH,mezvo_token_raw.npy
mezvo_token,mezvo,HAn,fricative,SG,mezvo_token_raw.npy
mezza_token,mezza,HAn,fricative,AH,mezza_token_raw.npy
mezza_token,mezza,HAn,fricative,SG,mezza_token_raw.npy
mezze_token,mezze,HAn,fricative,AH,mezze_token_raw.npy
mezze_token,mezze,HAn,fricative,SG,mezze_token_raw.npy
mezzo_token,mezzo,HAn,fricative,AH,mezzo_token_raw.npy
mezzo_token,mezzo,HAn,fricative,SG,mezzo_token_raw.npy
movva_token,movva,HAn,fricative,AH,movva_token_raw.npy
movva_token,movva,HAn,fricative,SG,movva_token_raw.npy
movve_token,movve,HAn,fricative,AH,movve_token_raw.npy
movve_token,movve,HAn,fricative,SG,movve_token_raw.npy
movvo_token,movvo,HAn,fricative,AH,movvo_token_raw.npy
movvo_token,movvo,HAn,fricative,SG,movvo_token_raw.npy
movza_token,movza,HAn,fricative,AH,movza_token_raw.npy
movza_token,movza,HAn,fricative,SG,movza_token_raw.npy
movze_token,movze,HAn,fricative,AH,movze_token_raw.npy
movze_token,movze,HAn,fricative,SG,movze_token_raw.npy
movzo_token,movzo,HAn,fricative,AH,movzo_token_raw.npy
movzo_token,movzo,HAn,fricative,SG,movzo_token_raw.npy
mozva_token,mozva,HAn,fricative,AH,mozva_token_raw.npy
mozva_token,mozva,HAn,fricative,SG,mozva_token_raw.npy
mozve_token,mozve,HAn,fricative,AH,mozve_token_raw.npy
mozve_token,mozve,HAn,fricative,SG,mozve_token_raw.npy
mozvo_token,mozvo,HAn,fricative,AH,mozvo_token_raw.npy
mozvo_token,mozvo,HAn,fricative,SG,mozvo_token_raw.npy
mozza_token,mozza,HAn,fricative,AH,mozza_token_raw.npy
mozza_token,mozza,HAn,fricative,SG,mozza_token_raw.npy
mozze_token,mozze,HAn,fricative,AH,mozze_token_raw.npy
mozze_token,mozze,HAn,fricative,SG,mozze_token_raw.npy
mozzo_token,mozzo,HAn,fricative,AH,mozzo_token_raw.npy
mozzo_token,mozzo,HAn,fricative,SG,mozzo_token_raw.npy
navva_token,navva,HAn,fricative,AH,navva_token_raw.npy
navva_token,navva,HAn,fricative,SG,navva_token_raw.npy
navve_token,navve,HAn,fricative,AH,navve_token_raw.npy
navve_token,navve,HAn,fricative,SG,navve_token_raw.npy
navvo_token,navvo,HAn,fricative,AH,navvo_token_raw.npy
navvo_token,navvo,HAn,fricative,SG,navvo_token_raw.npy
navza_token,navza,HAn,fricative,AH,navza_token_raw.npy
navza_token,navza,HAn,fricative,SG,navza_token_raw.npy
navze_token,navze,HAn,fricative,AH,navze_token_raw.npy
navze_token,navze,HAn,fricative,SG,navze_token_raw.npy
navzo_token,navzo,HAn,fricative,AH,navzo_token_raw.npy
navzo_token,navzo,HAn,fricative,SG,navzo_token_raw.npy
nazva_token,nazva,HAn,fricative,AH,nazva_token_raw.npy
nazva_token,nazva,HAn,fricative,SG,nazva_token_raw.npy
nazve_token,nazve,HAn,fricative,AH,nazve_token_raw.npy
nazve_token,nazve,HAn,fricative,SG,nazve_token_raw.npy
nazvo_token,nazvo,HAn,fricative,AH,nazvo_token_raw.npy
nazvo_token,nazvo,HAn,fricative,SG,nazvo_token_raw.npy
nazza_token,nazza,HAn,fricative,AH,nazza_token_raw.npy
nazza_token,nazza,HAn,fricative,SG,nazza_token_raw.npy
nazze_token,nazze,HAn,fricative,AH,nazze_token_raw.npy
nazze_token,nazze,HAn,fricative,SG,nazze_token_raw.npy
nazzo_token,nazzo,HAn,fricative,AH,nazzo_token_raw.npy
nazzo_token,nazzo,HAn,fricative,SG,nazzo_token_raw.npy
nevva_token,nevva,HAn,fricative,AH,nevva_token_raw.npy
nevva_token,nevva,HAn,fricative,SG,nevva_token_raw.npy
nevve_token,nevve,HAn,fricative,AH,nevve_token_raw.npy
nevve_token,nevve,HAn,fricative,SG,nevve_token_raw.npy
nevvo_token,nevvo,HAn,fricative,AH,nevvo_token_raw.npy
nevvo_token,nevvo,HAn,fricative,SG,nevvo_token_raw.npy
nevza_token,nevza,HAn,fricative,AH,nevza_token_raw.npy
nevza_token,nevza,HAn,fricative,SG,nevza_token_raw.npy
nevze_token,nevze,HAn,fricative,AH,nevze_token_raw.npy
nevze_token,nevze,HAn,fricative,SG,nevze_token_raw.npy
nevzo_token,nevzo,HAn,fricative,AH,nevzo_token_raw.npy
nevzo_token,nevzo,HAn,fricative,SG,nevzo_token_raw.npy
nezva_token,nezva,HAn,fricative,AH,nezva_token_raw.npy
nezva_token,nezva,HAn,fricative,SG,nezva_token_raw.npy
nezve_token,nezve,HAn,fricative,AH,nezve_token_raw.npy
nezve_token,nezve,HAn,fricative,SG,nezve_token_raw.npy
nezvo_token,nezvo,HAn,fricative,AH,nezvo_token_raw.npy
nezvo_token,nezvo,HAn,fricative,SG,nezvo_token_raw.npy
nezza_token,nezza,HAn,fricative,AH,nezza_token_raw.npy
nezza_token,nezza,HAn,fricative,SG,nezza_token_raw.npy
nezze_token,nezze,HAn,fricative,AH,nezze_token_raw.npy
nezze_token,nezze,HAn,fricative,SG,nezze_token_raw.npy
nezzo_token,nezzo,HAn,fricative,AH,nezzo_token_raw.npy
nezzo_token,nezzo,HAn,fricative,SG,nezzo_token_raw.npy
novva_token,novva,HAn,fricative,AH,novva_token_raw.npy
novva_token,novva,HAn,fricative,SG,novva_token_raw.npy
novve_token,novve,HAn,fricative,AH,novve_token_raw.npy
novve_token,novve,HAn,fricative,SG,novve_token_raw.npy
novvo_token,novvo,HAn,fricative,AH,novvo_token_raw.npy
novvo_token,novvo,HAn,fricative,SG,novvo_token_raw.npy
novza_token,novza,HAn,fricative,AH,novza_token_raw.npy
novza_token,novza,HAn,fricative,SG,novza_token_raw.npy
novze_token,novze,HAn,fricative,AH,novze_token_raw.npy
novze_token,novze,HAn,fricative,SG,novze_token_raw.npy
novzo_token,novzo,HAn,fricative,AH,novzo_token_raw.npy
novzo_token,novzo,HAn,fricative,SG,novzo_token_raw.npy
nozva_token,nozva,HAn,fricative,AH,nozva_token_raw.npy
nozva_token,nozva,HAn,fricative,SG,nozva_token_raw.npy
nozve_token,nozve,HAn,fricative,AH,nozve_token_raw.npy
nozve_token,nozve,HAn,fricative,SG,nozve_token_raw.npy
nozvo_token,nozvo,HAn,fricative,AH,nozvo_token_raw.npy
nozvo_token,nozvo,HAn,fricative,SG,nozvo_token_raw.npy
nozza_token,nozza,HAn,fricative,AH,nozza_token_raw.npy
nozza_token,nozza,HAn,fricative,SG,nozza_token_raw.npy
nozze_token,nozze,HAn,fricative,AH,nozze_token_raw.npy
nozze_token,nozze,HAn,fricative,SG,nozze_token_raw.npy
nozzo_token,nozzo,HAn,fricative,AH,nozzo_token_raw.npy
nozzo_token,nozzo,HAn,fricative,SG,nozzo_token_raw.npy
wawwa_token,wawwa,HAo,glide,AH,wawwa_token_raw.npy
wawwa_token,wawwa,HAo,glide,SG,wawwa_token_raw.npy
wawwe_token,wawwe,HAo,glide,AH,wawwe_token_raw.npy
wawwe_token,wawwe,HAo,glide,SG,wawwe_token_raw.npy
wawwo_token,wawwo,HAo,glide,AH,wawwo_token_raw.npy
wawwo_token,wawwo,HAo,glide,SG,wawwo_token_raw.npy
wawja_token,wawja,HAo,glide,AH,wawja_token_raw.npy
wawja_token,wawja,HAo,glide,SG,wawja_token_raw.npy
wawje_token,wawje,HAo,glide,AH,wawje_token_raw.npy
wawje_token,wawje,HAo,glide,SG,wawje_token_raw.npy
wawjo_token,wawjo,HAo,glide,AH,wawjo_token_raw.npy
wawjo_token,wawjo,HAo,glide,SG,wawjo_token_raw.npy
wajwa_token,wajwa,HAo,glide,AH,wajwa_token_raw.npy
wajwa_token,wajwa,HAo,glide,SG,wajwa_token_raw.npy
wajwe_token,wajwe,HAo,glide,AH,wajwe_token_raw.npy
wajwe_token,wajwe,HAo,glide,SG,wajwe_token_raw.npy
wajwo_token,wajwo,HAo,glide,AH,wajwo_token_raw.npy
wajwo_token,wajwo,HAo,glide,SG,wajwo_token_raw.npy
wajja_token,wajja,HAo,glide,AH,wajja_token_raw.npy
wajja_token,wajja,HAo,glide,SG,wajja_token_raw.npy
wajje_token,wajje,HAo,glide,AH,wajje_token_raw.npy
wajje_token,wajje,HAo,glide,SG,wajje_token_raw.npy
wajjo_token,wajjo,HAo,glide,AH,wajjo_token_raw.npy
wajjo_token,wajjo,HAo,glide,SG,wajjo_token_raw.npy
wewwa_token,wewwa,HAo,glide,AH,wewwa_token_raw.npy
wewwa_token,wewwa,HAo,glide,SG,wewwa_token_raw.npy
wewwe_token,wewwe,HAo,glide,AH,wewwe_token_raw.npy
wewwe_token,wewwe,HAo,glide,SG,wewwe_token_raw.npy
wewwo_token,wewwo,HAo,glide,AH,wewwo_token_raw.npy
wewwo_token,wewwo,HAo,glide,SG,wewwo_token_raw.npy
wewja_token,wewja,HAo,glide,AH,wewja_token_raw.npy
wewja_token,wewja,HAo,glide,SG,wewja_token_raw.npy
wewje_token,wewje,HAo,glide,AH,wewje_token_raw.npy
wewje_token,wewje,HAo,glide,SG,wewje_token_raw.npy
wewjo_token,wewjo,HAo,glide,AH,wewjo_token_raw.npy
wewjo_token,wewjo,HAo,glide,SG,wewjo_token_raw.npy
wejwa_token,wejwa,HAo,glide,AH,wejwa_token_raw.npy
wejwa_token,wejwa,HAo,glide,SG,wejwa_token_raw.npy
wejwe_token,wejwe,HAo,glide,AH,wejwe_token_raw.npy
wejwe_token,wejwe,HAo,glide,SG,wejwe_token_raw.npy
wejwo_token,wejwo,HAo,glide,AH,wejwo_token_raw.npy
wejwo_token,wejwo,HAo,glide,SG,wejwo_token_raw.npy
wejja_token,wejja,HAo,glide,AH,wejja_token_raw.npy
wejja_token,wejja,HAo,glide,SG,wejja_token_raw.npy
wejje_token,wejje,HAo,glide,AH,wejje_token_raw.npy
wejje_token,wejje,HAo,glide,SG,wejje_token_raw.npy
wejjo_token,wejjo,HAo,glide,AH,wejjo_token_raw.npy
wejjo_token,wejjo,HAo,glide,SG,wejjo_token_raw.npy
wowwa_token,wowwa,HAo,glide,AH,wowwa_token_raw.npy
wowwa_token,wowwa,HAo,glide,SG,wowwa_token_raw.npy
wowwe_token,wowwe,HAo,glide,AH,wowwe_token_raw.npy
wowwe_token,wowwe,HAo,glide,SG,wowwe_token_raw.npy
wowwo_token,wowwo,HAo,glide,AH,wowwo_token_raw.npy
wowwo_token,wowwo,HAo,glide,SG,wowwo_token_raw.npy
wowja_token,wowja,HAo,glide,AH,wowja_token_raw.npy
wowja_token,wowja,HAo,glide,SG,wowja_token_raw.npy
wowje_token,wowje,HAo,glide,AH,wowje_token_raw.npy
wowje_token,wowje,HAo,glide,SG,wowje_token_raw.npy
wowjo_token,wowjo,HAo,glide,AH,wowjo_token_raw.npy
wowjo_token,wowjo,HAo,glide,SG,wowjo_token_raw.npy
wojwa_token,wojwa,HAo,glide,AH,wojwa_token_raw.npy
wojwa_token,wojwa,HAo,glide,SG,wojwa_token_raw.npy
wojwe_token,wojwe,HAo,glide,AH,wojwe_token_raw.npy
wojwe_token,wojwe,HAo,glide,SG,wojwe_token_raw.npy
wojwo_token,wojwo,HAo,glide,AH,wojwo_token_raw.npy
wojwo_token,wojwo,HAo,glide,SG,wojwo_token_raw.npy
wojja_token,wojja,HAo,glide,AH,wojja_token_raw.npy
wojja_token,wojja,HAo,glide,SG,wojja_token_raw.npy
wojje_token,wojje,HAo,glide,AH,wojje_token_raw.npy
wojje_token,wojje,HAo,glide,SG,wojje_token_raw.npy
wojjo_token,wojjo,HAo,glide,AH,wojjo_token_raw.npy
wojjo_token,wojjo,HAo,glide,SG,wojjo_token_raw.npy
jawwa_token,jawwa,HAo,glide,AH,jawwa_token_raw.npy
jawwa_token,jawwa,HAo,glide,SG,jawwa_token_raw.npy
jawwe_token,jawwe,HAo,glide,AH,jawwe_token_raw.npy
jawwe_token,jawwe,HAo,glide,SG,jawwe_token_raw.npy
jawwo_token,jawwo,HAo,glide,AH,jawwo_token_raw.npy
jawwo_token,jawwo,HAo,glide,SG,jawwo_token_raw.npy
jawja_token,jawja,HAo,glide,AH,jawja_token_raw.npy
jawja_token,jawja,HAo,glide,SG,jawja_token_raw.npy
jawje_token,jawje,HAo,glide,AH,jawje_token_raw.npy
jawje_token,jawje,HAo,glide,SG,jawje_token_raw.npy
jawjo_token,jawjo,HAo,glide,AH,jawjo_token_raw.npy
jawjo_token,jawjo,HAo,glide,SG,jawjo_token_raw.npy
jajwa_token,jajwa,HAo,glide,AH,jajwa_token_raw.npy
jajwa_token,jajwa,HAo,glide,SG,jajwa_token_raw.npy
jajwe_token,jajwe,HAo,glide,AH,jajwe_token_raw.npy
jajwe_token,jajwe,HAo,glide,SG,jajwe_token_raw.npy
jajwo_token,jajwo,HAo,glide,AH,jajwo_token_raw.npy
jajwo_token,jajwo,HAo,glide,SG,jajwo_token_raw.npy
jajja_token,jajja,HAo,glide,AH,jajja_token_raw.npy
jajja_token,jajja,HAo,glide,SG,jajja_token_raw.npy
jajje_token,jajje,HAo,glide,AH,jajje_token_raw.npy
jajje_token,jajje,HAo,glide,SG,jajje_token_raw.npy
jajjo_token,jajjo,HAo,glide,AH,jajjo_token_raw.npy
jajjo_token,jajjo,HAo,glide,SG,jajjo_token_raw.npy
jewwa_token,jewwa,HAo,glide,AH,jewwa_token_raw.npy
jewwa_token,jewwa,HAo,glide,SG,jewwa_token_raw.npy
jewwe_token,jewwe,HAo,glide,AH,jewwe_token_raw.npy
jewwe_token,jewwe,HAo,glide,SG,jewwe_token_raw.npy
jewwo_token,jewwo,HAo,glide,AH,jewwo_token_raw.npy
jewwo_token,jewwo,HAo,glide,SG,jewwo_token_raw.npy
jewja_token,jewja,HAo,glide,AH,jewja_token_raw.npy
jewja_token,jewja,HAo,glide,SG,jewja_token_raw.npy
jewje_token,jewje,HAo,glide,AH,jewje_token_raw.npy
jewje_token,jewje,HAo,glide,SG,jewje_token_raw.npy
jewjo_token,jewjo,HAo,glide,AH,jewjo_token_raw.npy
jewjo_token,jewjo,HAo,glide,SG,jewjo_token_raw.npy
jejwa_token,jejwa,HAo,glide,AH,jejwa_token_raw.npy
jejwa_token,jejwa,HAo,glide,SG,jejwa_token_raw.npy
jejwe_token,jejwe,HAo,glide,AH,jejwe_token_raw.npy
jejwe_token,jejwe,HAo,glide,SG,jejwe_token_raw.npy
jejwo_token,jejwo,HAo,glide,AH,jejwo_token_raw.npy
jejwo_token,jejwo,HAo,glide,SG,jejwo_token_raw.npy
jejja_token,jejja,HAo,glide,AH,jejja_token_raw.npy
jejja_token,jejja,HAo,glide,SG,jejja_token_raw.npy
jejje_token,jejje,HAo,glide,AH,jejje_token_raw.npy
jejje_token,jejje,HAo,glide,SG,jejje_token_raw.npy
jejjo_token,jejjo,HAo,glide,AH,jejjo_token_raw.npy
jejjo_token,jejjo,HAo,glide,SG,jejjo_token_raw.npy
jowwa_token,jowwa,HAo,glide,AH,jowwa_token_raw.npy
jowwa_token,jowwa,HAo,glide,SG,jowwa_token_raw.npy
jowwe_token,jowwe,HAo,glide,AH,jowwe_token_raw.npy
jowwe_token,jowwe,HAo,glide,SG,jowwe_token_raw.npy
jowwo_token,jowwo,HAo,glide,AH,jowwo_token_raw.npy
jowwo_token,jowwo,HAo,glide,SG,jowwo_token_raw.npy
jowja_token,jowja,HAo,glide,AH,jowja_token_raw.npy
jowja_token,jowja,HAo,glide,SG,jowja_token_raw.npy
jowje_token,jowje,HAo,glide,AH,jowje_token_raw.npy
jowje_token,jowje,HAo,glide,SG,jowje_token_raw.npy
jowjo_token,jowjo,HAo,glide,AH,jowjo_token_raw.npy
jowjo_token,jowjo,HAo,glide,SG,jowjo_token_raw.npy
jojwa_token,jojwa,HAo,glide,AH,jojwa_token_raw.npy
jojwa_token,jojwa,HAo,glide,SG,jojwa_token_raw.npy
jojwe_token,jojwe,HAo,glide,AH,jojwe_token_raw.npy
jojwe_token,jojwe,HAo,glide,SG,jojwe_token_raw.npy
jojwo_token,jojwo,HAo,glide,AH,jojwo_token_raw.npy
jojwo_token,jojwo,HAo,glide,SG,jojwo_token_raw.npy
jojja_token,jojja,HAo,glide,AH,jojja_token_raw.npy
jojja_token,jojja,HAo,glide,SG,jojja_token_raw.npy
jojje_token,jojje,HAo,glide,AH,jojje_token_raw.npy
jojje_token,jojje,HAo,glide,SG,jojje_token_raw.npy
jojjo_token,jojjo,HAo,glide,AH,jojjo_token_raw.npy
jojjo_token,jojjo,HAo,glide,SG,jojjo_token_raw.npy
pawwa_token,pawwa,HAo,glide,AH,pawwa_token_raw.npy
pawwa_token,pawwa,HAo,glide,SG,pawwa_token_raw.npy
pawwe_token,pawwe,HAo,glide,AH,pawwe_token_raw.npy
pawwe_token,pawwe,HAo,glide,SG,pawwe_token_raw.npy
pawwo_token,pawwo,HAo,glide,AH,pawwo_token_raw.npy
pawwo_token,pawwo,HAo,glide,SG,pawwo_token_raw.npy
pawja_token,pawja,HAo,glide,AH,pawja_token_raw.npy
pawja_token,pawja,HAo,glide,SG,pawja_token_raw.npy
pawje_token,pawje,HAo,glide,AH,pawje_token_raw.npy
pawje_token,pawje,HAo,glide,SG,pawje_token_raw.npy
pawjo_token,pawjo,HAo,glide,AH,pawjo_token_raw.npy
pawjo_token,pawjo,HAo,glide,SG,pawjo_token_raw.npy
pajwa_token,pajwa,HAo,glide,AH,pajwa_token_raw.npy
pajwa_token,pajwa,HAo,glide,SG,pajwa_token_raw.npy
pajwe_token,pajwe,HAo,glide,AH,pajwe_token_raw.npy
pajwe_token,pajwe,HAo,glide,SG,pajwe_token_raw.npy
pajwo_token,pajwo,HAo,glide,AH,pajwo_token_raw.npy
pajwo_token,pajwo,HAo,glide,SG,pajwo_token_raw.npy
pajja_token,pajja,HAo,glide,AH,pajja_token_raw.npy
pajja_token,pajja,HAo,glide,SG,pajja_token_raw.npy
pajje_token,pajje,HAo,glide,AH,pajje_token_raw.npy
pajje_token,pajje,HAo,glide,SG,pajje_token_raw.npy
pajjo_token,pajjo,HAo,glide,AH,pajjo_token_raw.npy
pajjo_token,pajjo,HAo,glide,SG,pajjo_token_raw.npy
pewwa_token,pewwa,HAo,glide,AH,pewwa_token_raw.npy
pewwa_token,pewwa,HAo,glide,SG,pewwa_token_raw.npy
pewwe_token,pewwe,HAo,glide,AH,pewwe_token_raw.npy
pewwe_token,pewwe,HAo,glide,SG,pewwe_token_raw.npy
pewwo_token,pewwo,HAo,glide,AH,pewwo_token_raw.npy
pewwo_token,pewwo,HAo,glide,SG,pewwo_token_raw.npy
pewja_token,pewja,HAo,glide,AH,pewja_token_raw.npy
pewja_token,pewja,HAo,glide,SG,pewja_token_raw.npy
pewje_token,pewje,HAo,glide,AH,pewje_token_raw.npy
pewje_token,pewje,HAo,glide,SG,pewje_token_raw.npy
pewjo_token,pewjo,HAo,glide,AH,pewjo_token_raw.npy
pewjo_token,pewjo,HAo,glide,SG,pewjo_token_raw.npy
pejwa_token,pejwa,HAo,glide,AH,pejwa_token_raw.npy
pejwa_token,pejwa,HAo,glide,SG,pejwa_token_raw.npy
pejwe_token,pejwe,HAo,glide,AH,pejwe_token_raw.npy
pejwe_token,pejwe,HAo,glide,SG,pejwe_token_raw.npy
pejwo_token,pejwo,HAo,glide,AH,pejwo_token_raw.npy
pejwo_token,pejwo,HAo,glide,SG,pejwo_token_raw.npy
pejja_token,pejja,HAo,glide,AH,pejja_token_raw.npy
pejja_token,pejja,HAo,glide,SG,pejja_token_raw.npy
pejje_token,pejje,HAo,glide,AH,pejje_token_raw.npy
pejje_token,pejje,HAo,glide,SG,pejje_token_raw.npy
pejjo_token,pejjo,HAo,glide,AH,pejjo_token_raw.npy
pejjo_token,pejjo,HAo,glide,SG,pejjo_token_raw.npy
powwa_token,powwa,HAo,glide,AH,powwa_token_raw.npy
powwa_token,powwa,HAo,glide,SG,powwa_token_raw.npy
powwe_token,powwe,HAo,glide,AH,powwe_token_raw.npy
powwe_token,powwe,HAo,glide,SG,powwe_token_raw.npy
powwo_token,powwo,HAo,glide,AH,powwo_token_raw.npy
powwo_token,powwo,HAo,glide,SG,powwo_token_raw.npy
powja_token,powja,HAo,glide,AH,powja_token_raw.npy
powja_token,powja,HAo,glide,SG,powja_token_raw.npy
powje_token,powje,HAo,glide,AH,powje_token_raw.npy
powje_token,powje,HAo,glide,SG,powje_token_raw.npy
powjo_token,powjo,HAo,glide,AH,powjo_token_raw.npy
powjo_token,powjo,HAo,glide,SG,powjo_token_raw.npy
pojwa_token,pojwa,HAo,glide,AH,pojwa_token_raw.npy
pojwa_token,pojwa,HAo,glide,SG,pojwa_token_raw.npy
pojwe_token,pojwe,HAo,glide,AH,pojwe_token_raw.npy
pojwe_token,pojwe,HAo,glide,SG,pojwe_token_raw.npy
pojwo_token,pojwo,HAo,glide,AH,pojwo_token_raw.npy
pojwo_token,pojwo,HAo,glide,SG,pojwo_token_raw.npy
pojja_token,pojja,HAo,glide,AH,pojja_token_raw.npy
pojja_token,pojja,HAo,glide,SG,pojja_token_raw.npy
pojje_token,pojje,HAo,glide,AH,pojje_token_raw.npy
pojje_token,pojje,HAo,glide,SG,pojje_token_raw.npy
pojjo_token,pojjo,HAo,glide,AH,pojjo_token_raw.npy
pojjo_token,pojjo,HAo,glide,SG,pojjo_token_raw.npy
tawwa_token,tawwa,HAo,glide,AH,tawwa_token_raw.npy
tawwa_token,tawwa,HAo,glide,SG,tawwa_token_raw.npy
tawwe_token,tawwe,HAo,glide,AH,tawwe_token_raw.npy
tawwe_token,tawwe,HAo,glide,SG,tawwe_token_raw.npy
tawwo_token,tawwo,HAo,glide,AH,tawwo_token_raw.npy
tawwo_token,tawwo,HAo,glide,SG,tawwo_token_raw.npy
tawja_token,tawja,HAo,glide,AH,tawja_token_raw.npy
tawja_token,tawja,HAo,glide,SG,tawja_token_raw.npy
tawje_token,tawje,HAo,glide,AH,tawje_token_raw.npy
tawje_token,tawje,HAo,glide,SG,tawje_token_raw.npy
tawjo_token,tawjo,HAo,glide,AH,tawjo_token_raw.npy
tawjo_token,tawjo,HAo,glide,SG,tawjo_token_raw.npy
tajwa_token,tajwa,HAo,glide,AH,tajwa_token_raw.npy
tajwa_token,tajwa,HAo,glide,SG,tajwa_token_raw.npy
tajwe_token,tajwe,HAo,glide,AH,tajwe_token_raw.npy
tajwe_token,tajwe,HAo,glide,SG,tajwe_token_raw.npy
tajwo_token,tajwo,HAo,glide,AH,tajwo_token_raw.npy
tajwo_token,tajwo,HAo,glide,SG,tajwo_token_raw.npy
tajja_token,tajja,HAo,glide,AH,tajja_token_raw.npy
tajja_token,tajja,HAo,glide,SG,tajja_token_raw.npy
tajje_token,tajje,HAo,glide,AH,tajje_token_raw.npy
tajje_token,tajje,HAo,glide,SG,tajje_token_raw.npy
tajjo_token,tajjo,HAo,glide,AH,tajjo_token_raw.npy
tajjo_token,tajjo,HAo,glide,SG,tajjo_token_raw.npy
tewwa_token,tewwa,HAo,glide,AH,tewwa_token_raw.npy
tewwa_token,tewwa,HAo,glide,SG,tewwa_token_raw.npy
tewwe_token,tewwe,HAo,glide,AH,tewwe_token_raw.npy
tewwe_token,tewwe,HAo,glide,SG,tewwe_token_raw.npy
tewwo_token,tewwo,HAo,glide,AH,tewwo_token_raw.npy
tewwo_token,tewwo,HAo,glide,SG,tewwo_token_raw.npy
tewja_token,tewja,HAo,glide,AH,tewja_token_raw.npy
tewja_token,tewja,HAo,glide,SG,tewja_token_raw.npy
tewje_token,tewje,HAo,glide,AH,tewje_token_raw.npy
tewje_token,tewje,HAo,glide,SG,tewje_token_raw.npy
tewjo_token,tewjo,HAo,glide,AH,tewjo_token_raw.npy
tewjo_token,tewjo,HAo,glide,SG,tewjo_token_raw.npy
tejwa_token,tejwa,HAo,glide,AH,tejwa_token_raw.npy
tejwa_token,tejwa,HAo,glide,SG,tejwa_token_raw.npy
tejwe_token,tejwe,HAo,glide,AH,tejwe_token_raw.npy
tejwe_token,tejwe,HAo,glide,SG,tejwe_token_raw.npy
tejwo_token,tejwo,HAo,glide,AH,tejwo_token_raw.npy
tejwo_token,tejwo,HAo,glide,SG,tejwo_token_raw.npy
tejja_token,tejja,HAo,glide,AH,tejja_token_raw.npy
tejja_token,tejja,HAo,glide,SG,tejja_token_raw.npy
tejje_token,tejje,HAo,glide,AH,tejje_token_raw.npy
tejje_token,tejje,HAo,glide,SG,tejje_token_raw.npy
tejjo_token,tejjo,HAo,glide,AH,tejjo_token_raw.npy
tejjo_token,tejjo,HAo,glide,SG,tejjo_token_raw.npy
towwa_token,towwa,HAo,glide,AH,towwa_token_raw.npy
towwa_token,towwa,HAo,glide,SG,towwa_token_raw.npy
towwe_token,towwe,HAo,glide,AH,towwe_token_raw.npy
towwe_token,towwe,HAo,glide,SG,towwe_token_raw.npy
towwo_token,towwo,HAo,glide,AH,towwo_token_raw.npy
towwo_token,towwo,HAo,glide,SG,towwo_token_raw.npy
towja_token,towja,HAo,glide,AH,towja_token_raw.npy
towja_token,towja,HAo,glide,SG,towja_token_raw.npy
towje_token,towje,HAo,glide,AH,towje_token_raw.npy
towje_token,towje,HAo,glide,SG,towje_token_raw.npy
towjo_token,towjo,HAo,glide,AH,towjo_token_raw.npy
towjo_token,towjo,HAo,glide,SG,towjo_token_raw.npy
tojwa_token,tojwa,HAo,glide,AH,tojwa_token_raw.npy
tojwa_token,tojwa,HAo,glide,SG,tojwa_token_raw.npy
tojwe_token,tojwe,HAo,glide,AH,tojwe_token_raw.npy
tojwe_token,tojwe,HAo,glide,SG,tojwe_token_raw.npy
tojwo_token,tojwo,HAo,glide,AH,tojwo_token_raw.npy
tojwo_token,tojwo,HAo,glide,SG,tojwo_token_raw.npy
tojja_token,tojja,HAo,glide,AH,tojja_token_raw.npy
tojja_token,tojja,HAo,glide,SG,tojja_token_raw.npy
tojje_token,tojje,HAo,glide,AH,tojje_token_raw.npy
tojje_token,tojje,HAo,glide,SG,tojje_token_raw.npy
tojjo_token,tojjo,HAo,glide,AH,tojjo_token_raw.npy
tojjo_token,tojjo,HAo,glide,SG,tojjo_token_raw.npy
vavva_token,vavva,HAo,fricative,AH,vavva_token_raw.npy
vavva_token,vavva,HAo,fricative,SG,vavva_token_raw.npy
vavve_token,vavve,HAo,fricative,AH,vavve_token_raw.npy
vavve_token,vavve,HAo,fricative,SG,vavve_token_raw.npy
vavvo_token,vavvo,HAo,fricative,AH,vavvo_token_raw.npy
vavvo_token,vavvo,HAo,fricative,SG,vavvo_token_raw.npy
vavza_token,vavza,HAo,fricative,AH,vavza_token_raw.npy
vavza_token,vavza,HAo,fricative,SG,vavza_token_raw.npy
vavze_token,vavze,HAo,fricative,AH,vavze_token_raw.npy
vavze_token,vavze,HAo,fricative,SG,vavze_token_raw.npy
vavzo_token,vavzo,HAo,fricative,AH,vavzo_token_raw.npy
vavzo_token,vavzo,HAo,fricative,SG,vavzo_token_raw.npy
vazva_token,vazva,HAo,fricative,AH,vazva_token_raw.npy
vazva_token,vazva,HAo,fricative,SG,vazva_token_raw.npy
vazve_token,vazve,HAo,fricative,AH,vazve_token_raw.npy
vazve_token,vazve,HAo,fricative,SG,vazve_token_raw.npy
vazvo_token,vazvo,HAo,fricative,AH,vazvo_token_raw.npy
vazvo_token,vazvo,HAo,fricative,SG,vazvo_token_raw.npy
vazza_token,vazza,HAo,fricative,AH,vazza_token_raw.npy
vazza_token,vazza,HAo,fricative,SG,vazza_token_raw.npy
vazze_token,vazze,HAo,fricative,AH,vazze_token_raw.npy
vazze_token,vazze,HAo,fricative,SG,vazze_token_raw.npy
vazzo_token,vazzo,HAo,fricative,AH,vazzo_token_raw.npy
vazzo_token,vazzo,HAo,fricative,SG,vazzo_token_raw.npy
vevva_token,vevva,HAo,fricative,AH,vevva_token_raw.npy
vevva_token,vevva,HAo,fricative,SG,vevva_token_raw.npy
vevve_token,vevve,HAo,fricative,AH,vevve_token_raw.npy
vevve_token,vevve,HAo,fricative,SG,vevve_token_raw.npy
vevvo_token,vevvo,HAo,fricative,AH,vevvo_token_raw.npy
vevvo_token,vevvo,HAo,fricative,SG,vevvo_token_raw.npy
vevza_token,vevza,HAo,fricative,AH,vevza_token_raw.npy
vevza_token,vevza,HAo,fricative,SG,vevza_token_raw.npy
vevze_token,vevze,HAo,fricative,AH,vevze_token_raw.npy
vevze_token,vevze,HAo,fricative,SG,vevze_token_raw.npy
vevzo_token,vevzo,HAo,fricative,AH,vevzo_token_raw.npy
vevzo_token,vevzo,HAo,fricative,SG,vevzo_token_raw.npy
vezva_token,vezva,HAo,fricative,AH,vezva_token_raw.npy
vezva_token,vezva,HAo,fricative,SG,vezva_token_raw.npy
vezve_token,vezve,HAo,fricative,AH,vezve_token_raw.npy
vezve_token,vezve,HAo,fricative,SG,vezve_token_raw.npy
vezvo_token,vezvo,HAo,fricative,AH,vezvo_token_raw.npy
vezvo_token,vezvo,HAo,fricative,SG,vezvo_token_raw.npy
vezza_token,vezza,HAo,fricative,AH,vezza_token_raw.npy
vezza_token,vezza,HAo,fricative,SG,vezza_token_raw.npy
vezze_token,vezze,HAo,fricative,AH,vezze_token_raw.npy
vezze_token,vezze,HAo,fricative,SG,vezze_token_raw.npy
vezzo_token,vezzo,HAo,fricative,AH,vezzo_token_raw.npy
vezzo_token,vezzo,HAo,fricative,SG,vezzo_token_raw.npy
vovva_token,vovva,HAo,fricative,AH,vovva_token_raw.npy
vovva_token,vovva,HAo,fricative,SG,vovva_token_raw.npy
vovve_token,vovve,HAo,fricative,AH,vovve_token_raw.npy
vovve_token,vovve,HAo,fricative,SG,vovve_token_raw.npy
vovvo_token,vovvo,HAo,fricative,AH,vovvo_token_raw.npy
vovvo_token,vovvo,HAo,fricative,SG,vovvo_token_raw.npy
vovza_token,vovza,HAo,fricative,AH,vovza_token_raw.npy
vovza_token,vovza,HAo,fricative,SG,vovza_token_raw.npy
vovze_token,vovze,HAo,fricative,AH,vovze_token_raw.npy
vovze_token,vovze,HAo,fricative,SG,vovze_token_raw.npy
vovzo_token,vovzo,HAo,fricative,AH,vovzo_token_raw.npy
vovzo_token,vovzo,HAo,fricative,SG,vovzo_token_raw.npy
vozva_token,vozva,HAo,fricative,AH,vozva_token_raw.npy
vozva_token,vozva,HAo,fricative,SG,vozva_token_raw.npy
vozve_token,vozve,HAo,fricative,AH,vozve_token_raw.npy
vozve_token,vozve,HAo,fricative,SG,vozve_token_raw.npy
vozvo_token,vozvo,HAo,fricative,AH,vozvo_token_raw.npy
vozvo_token,vozvo,HAo,fricative,SG,vozvo_token_raw.npy
vozza_token,vozza,HAo,fricative,AH,vozza_token_raw.npy
vozza_token,vozza,HAo,fricative,SG,vozza_token_raw.npy
vozze_token,vozze,HAo,fricative,AH,vozze_token_raw.npy
vozze_token,vozze,HAo,fricative,SG,vozze_token_raw.npy
vozzo_token,vozzo,HAo,fricative,AH,vozzo_token_raw.npy
vozzo_token,vozzo,HAo,fricative,SG,vozzo_token_raw.npy
zavva_token,zavva,HAo,fricative,AH,zavva_token_raw.npy
zavva_token,zavva,HAo,fricative,SG,zavva_token_raw.npy
zavve_token,zavve,HAo,fricative,AH,zavve_token_raw.npy
zavve_token,zavve,HAo,fricative,SG,zavve_token_raw.npy
zavvo_token,zavvo,HAo,fricative,AH,zavvo_token_raw.npy
zavvo_token,zavvo,HAo,fricative,SG,zavvo_token_raw.npy
zavza_token,zavza,HAo,fricative,AH,zavza_token_raw.npy
zavza_token,zavza,HAo,fricative,SG,zavza_token_raw.npy
zavze_token,zavze,HAo,fricative,AH,zavze_token_raw.npy
zavze_token,zavze,HAo,fricative,SG,zavze_token_raw.npy
zavzo_token,zavzo,HAo,fricative,AH,zavzo_token_raw.npy
zavzo_token,zavzo,HAo,fricative,SG,zavzo_token_raw.npy
zazva_token,zazva,HAo,fricative,AH,zazva_token_raw.npy
zazva_token,zazva,HAo,fricative,SG,zazva_token_raw.npy
zazve_token,zazve,HAo,fricative,AH,zazve_token_raw.npy
zazve_token,zazve,HAo,fricative,SG,zazve_token_raw.npy
zazvo_token,zazvo,HAo,fricative,AH,zazvo_token_raw.npy
zazvo_token,zazvo,HAo,fricative,SG,zazvo_token_raw.npy
zazza_token,zazza,HAo,fricative,AH,zazza_token_raw.npy
zazza_token,zazza,HAo,fricative,SG,zazza_token_raw.npy
zazze_token,zazze,HAo,fricative,AH,zazze_token_raw.npy
zazze_token,zazze,HAo,fricative,SG,zazze_token_raw.npy
zazzo_token,zazzo,HAo,fricative,AH,zazzo_token_raw.npy
zazzo_token,zazzo,HAo,fricative,SG,zazzo_token_raw.npy
zevva_token,zevva,HAo,fricative,AH,zevva_token_raw.npy
zevva_token,zevva,HAo,fricative,SG,zevva_token_raw.npy
zevve_token,zevve,HAo,fricative,AH,zevve_token_raw.npy
zevve_token,zevve,HAo,fricative,SG,zevve_token_raw.npy
zevvo_token,zevvo,HAo,fricative,AH,zevvo_token_raw.npy
zevvo_token,zevvo,HAo,fricative,SG,zevvo_token_raw.npy
zevza_token,zevza,HAo,fricative,AH,zevza_token_raw.npy
zevza_token,zevza,HAo,fricative,SG,zevza_token_raw.npy
zevze_token,zevze,HAo,fricative,AH,zevze_token_raw.npy
zevze_token,zevze,HAo,fricative,SG,zevze_token_raw.npy
zevzo_token,zevzo,HAo,fricative,AH,zevzo_token_raw.npy
zevzo_token,zevzo,HAo,fricative,SG,zevzo_token_raw.npy
zezva_token,zezva,HAo,fricative,AH,zezva_token_raw.npy
zezva_token,zezva,HAo,fricative,SG,zezva_token_raw.npy
zezve_token,zezve,HAo,fricative,AH,zezve_token_raw.npy
zezve_token,zezve,HAo,fricative,SG,zezve_token_raw.npy
zezvo_token,zezvo,HAo,fricative,AH,zezvo_token_raw.npy
zezvo_token,zezvo,HAo,fricative,SG,zezvo_token_raw.npy
zezza_token,zezza,HAo,fricative,AH,zezza_token_raw.npy
zezza_token,zezza,HAo,fricative,SG,zezza_token_raw.npy
zezze_token,zezze,HAo,fricative,AH,zezze_token_raw.npy
zezze_token,zezze,HAo,fricative,SG,zezze_token_raw.npy
zezzo_token,zezzo,HAo,fricative,AH,zezzo_token_raw.npy
zezzo_token,zezzo,HAo,fricative,SG,zezzo_token_raw.npy
zovva_token,zovva,HAo,fricative,AH,zovva_token_raw.npy
zovva_token,zovva,HAo,fricative,SG,zovva_token_raw.npy
zovve_token,zovve,HAo,fricative,AH,zovve_token_raw.npy
zovve_token,zovve,HAo,fricative,SG,zovve_token_raw.npy
zovvo_token,zovvo,HAo,fricative,AH,zovvo_token_raw.npy
zovvo_token,zovvo,HAo,fricative,SG,zovvo_token_raw.npy
zovza_token,zovza,HAo,fricative,AH,zovza_token_raw.npy
zovza_token,zovza,HAo,fricative,SG,zovza_token_raw.npy
zovze_token,zovze,HAo,fricative,AH,zovze_token_raw.npy
zovze_token,zovze,HAo,fricative,SG,zovze_token_raw.npy
zovzo_token,zovzo,HAo,fricative,AH,zovzo_token_raw.npy
zovzo_token,zovzo,HAo,fricative,SG,zovzo_token_raw.npy
zozva_token,zozva,HAo,fricative,AH,zozva_token_raw.npy
zozva_token,zozva,HAo,fricative,SG,zozva_token_raw.npy
zozve_token,zozve,HAo,fricative,AH,zozve_token_raw.npy
zozve_token,zozve,HAo,fricative,SG,zozve_token_raw.npy
zozvo_token,zozvo,HAo,fricative,AH,zozvo_token_raw.npy
zozvo_token,zozvo,HAo,fricative,SG,zozvo_token_raw.npy
zozza_token,zozza,HAo,fricative,AH,zozza_token_raw.npy
zozza_token,zozza,HAo,fricative,SG,zozza_token_raw.npy
zozze_token,zozze,HAo,fricative,AH,zozze_token_raw.npy
zozze_token,zozze,HAo,fricative,SG,zozze_token_raw.npy
zozzo_token,zozzo,HAo,fricative,AH,zozzo_token_raw.npy
zozzo_token,zozzo,HAo,fricative,SG,zozzo_token_raw.npy
pavva_token,pavva,HAo,fricative,AH,pavva_token_raw.npy
pavva_token,pavva,HAo,fricative,SG,pavva_token_raw.npy
pavve_token,pavve,HAo,fricative,AH,pavve_token_raw.npy
pavve_token,pavve,HAo,fricative,SG,pavve_token_raw.npy
pavvo_token,pavvo,HAo,fricative,AH,pavvo_token_raw.npy
pavvo_token,pavvo,HAo,fricative,SG,pavvo_token_raw.npy
pavza_token,pavza,HAo,fricative,AH,pavza_token_raw.npy
pavza_token,pavza,HAo,fricative,SG,pavza_token_raw.npy
pavze_token,pavze,HAo,fricative,AH,pavze_token_raw.npy
pavze_token,pavze,HAo,fricative,SG,pavze_token_raw.npy
pavzo_token,pavzo,HAo,fricative,AH,pavzo_token_raw.npy
pavzo_token,pavzo,HAo,fricative,SG,pavzo_token_raw.npy
pazva_token,pazva,HAo,fricative,AH,pazva_token_raw.npy
pazva_token,pazva,HAo,fricative,SG,pazva_token_raw.npy
pazve_token,pazve,HAo,fricative,AH,pazve_token_raw.npy
pazve_token,pazve,HAo,fricative,SG,pazve_token_raw.npy
pazvo_token,pazvo,HAo,fricative,AH,pazvo_token_raw.npy
pazvo_token,pazvo,HAo,fricative,SG,pazvo_token_raw.npy
pazza_token,pazza,HAo,fricative,AH,pazza_token_raw.npy
pazza_token,pazza,HAo,fricative,SG,pazza_token_raw.npy
pazze_token,pazze,HAo,fricative,AH,pazze_token_raw.npy
pazze_token,pazze,HAo,fricative,SG,pazze_token_raw.npy
pazzo_token,pazzo,HAo,fricative,AH,pazzo_token_raw.npy
pazzo_token,pazzo,HAo,fricative,SG,pazzo_token_raw.npy
pevva_token,pevva,HAo,fricative,AH,pevva_token_raw.npy
pevva_token,pevva,HAo,fricative,SG,pevva_token_raw.npy
pevve_token,pevve,HAo,fricative,AH,pevve_token_raw.npy
pevve_token,pevve,HAo,fricative,SG,pevve_token_raw.npy
pevvo_token,pevvo,HAo,fricative,AH,pevvo_token_raw.npy
pevvo_token,pevvo,HAo,fricative,SG,pevvo_token_raw.npy
pevza_token,pevza,HAo,fricative,AH,pevza_token_raw.npy
pevza_token,pevza,HAo,fricative,SG,pevza_token_raw.npy
pevze_token,pevze,HAo,fricative,AH,pevze_token_raw.npy
pevze_token,pevze,HAo,fricative,SG,pevze_token_raw.npy
pevzo_token,pevzo,HAo,fricative,AH,pevzo_token_raw.npy
pevzo_token,pevzo,HAo,fricative,SG,pevzo_token_raw.npy
pezva_token,pezva,HAo,fricative,AH,pezva_token_raw.npy
pezva_token,pezva,HAo,fricative,SG,pezva_token_raw.npy
pezve_token,pezve,HAo,fricative,AH,pezve_token_raw.npy
pezve_token,pezve,HAo,fricative,SG,pezve_token_raw.npy
pezvo_token,pezvo,HAo,fricative,AH,pezvo_token_raw.npy
pezvo_token,pezvo,HAo,fricative,SG,pezvo_token_raw.npy
pezza_token,pezza,HAo,fricative,AH,pezza_token_raw.npy
pezza_token,pezza,HAo,fricative,SG,pezza_token_raw.npy
pezze_token,pezze,HAo,fricative,AH,pezze_token_raw.npy
pezze_token,pezze,HAo,fricative,SG,pezze_token_raw.npy
pezzo_token,pezzo,HAo,fricative,AH,pezzo_token_raw.npy
pezzo_token,pezzo,HAo,fricative,SG,pezzo_token_raw.npy
povva_token,povva,HAo,fricative,AH,povva_token_raw.npy
povva_token,povva,HAo,fricative,SG,povva_token_raw.npy
povve_token,povve,HAo,fricative,AH,povve_token_raw.npy
povve_token,povve,HAo,fricative,SG,povve_token_raw.npy
povvo_token,povvo,HAo,fricative,AH,povvo_token_raw.npy
povvo_token,povvo,HAo,fricative,SG,povvo_token_raw.npy
povza_token,povza,HAo,fricative,AH,povza_token_raw.npy
povza_token,povza,HAo,fricative,SG,povza_token_raw.npy
povze_token,povze,HAo,fricative,AH,povze_token_raw.npy
povze_token,povze,HAo,fricative,SG,povze_token_raw.npy
povzo_token,povzo,HAo,fricative,AH,povzo_token_raw.npy
povzo_token,povzo,HAo,fricative,SG,povzo_token_raw.npy
pozva_token,pozva,HAo,fricative,AH,pozva_token_raw.npy
pozva_token,pozva,HAo,fricative,SG,pozva_token_raw.npy
pozve_token,pozve,HAo,fricative,AH,pozve_token_raw.npy
pozve_token,pozve,HAo,fricative,SG,pozve_token_raw.npy
pozvo_token,pozvo,HAo,fricative,AH,pozvo_token_raw.npy
pozvo_token,pozvo,HAo,fricative,SG,pozvo_token_raw.npy
pozza_token,pozza,HAo,fricative,AH,pozza_token_raw.npy
pozza_token,pozza,HAo,fricative,SG,pozza_token_raw.npy
pozze_token,pozze,HAo,fricative,AH,pozze_token_raw.npy
pozze_token,pozze,HAo,fricative,SG,pozze_token_raw.npy
pozzo_token,pozzo,HAo,fricative,AH,pozzo_token_raw.npy
pozzo_token,pozzo,HAo,fricative,SG,pozzo_token_raw.npy
tavva_token,tavva,HAo,fricative,AH,tavva_token_raw.npy
tavva_token,tavva,HAo,fricative,SG,tavva_token_raw.npy
tavve_token,tavve,HAo,fricative,AH,tavve_token_raw.npy
tavve_token,tavve,HAo,fricative,SG,tavve_token_raw.npy
tavvo_token,tavvo,HAo,fricative,AH,tavvo_token_raw.npy
tavvo_token,tavvo,HAo,fricative,SG,tavvo_token_raw.npy
tavza_token,tavza,HAo,fricative,AH,tavza_token_raw.npy
tavza_token,tavza,HAo,fricative,SG,tavza_token_raw.npy
tavze_token,tavze,HAo,fricative,AH,tavze_token_raw.npy
tavze_token,tavze,HAo,fricative,SG,tavze_token_raw.npy
tavzo_token,tavzo,HAo,fricative,AH,tavzo_token_raw.npy
tavzo_token,tavzo,HAo,fricative,SG,tavzo_token_raw.npy
tazva_token,tazva,HAo,fricative,AH,tazva_token_raw.npy
tazva_token,tazva,HAo,fricative,SG,tazva_token_raw.npy
tazve_token,tazve,HAo,fricative,AH,tazve_token_raw.npy
tazve_token,tazve,HAo,fricative,SG,tazve_token_raw.npy
tazvo_token,tazvo,HAo,fricative,AH,tazvo_token_raw.npy
tazvo_token,tazvo,HAo,fricative,SG,tazvo_token_raw.npy
tazza_token,tazza,HAo,fricative,AH,tazza_token_raw.npy
tazza_token,tazza,HAo,fricative,SG,tazza_token_raw.npy
tazze_token,tazze,HAo,fricative,AH,tazze_token_raw.npy
tazze_token,tazze,HAo,fricative,SG,tazze_token_raw.npy
tazzo_token,tazzo,HAo,fricative,AH,tazzo_token_raw.npy
tazzo_token,tazzo,HAo,fricative,SG,tazzo_token_raw.npy
tevva_token,tevva,HAo,fricative,AH,tevva_token_raw.npy
tevva_token,tevva,HAo,fricative,SG,tevva_token_raw.npy
tevve_token,tevve,HAo,fricative,AH,tevve_token_raw.npy
tevve_token,tevve,HAo,fricative,SG,tevve_token_raw.npy
tevvo_token,tevvo,HAo,fricative,AH,tevvo_token_raw.npy
tevvo_token,tevvo,HAo,fricative,SG,tevvo_token_raw.npy
tevza_token,tevza,HAo,fricative,AH,tevza_token_raw.npy
tevza_token,tevza,HAo,fricative,SG,tevza_token_raw.npy
tevze_token,tevze,HAo,fricative,AH,tevze_token_raw.npy
tevze_token,tevze,HAo,fricative,SG,tevze_token_raw.npy
tevzo_token,tevzo,HAo,fricative,AH,tevzo_token_raw.npy
tevzo_token,tevzo,HAo,fricative,SG,tevzo_token_raw.npy
tezva_token,tezva,HAo,fricative,AH,tezva_token_raw.npy
tezva_token,tezva,HAo,fricative,SG,tezva_token_raw.npy
tezve_token,tezve,HAo,fricative,AH,tezve_token_raw.npy
tezve_token,tezve,HAo,fricative,SG,tezve_token_raw.npy
tezvo_token,tezvo,HAo,fricative,AH,tezvo_token_raw.npy
tezvo_token,tezvo,HAo,fricative,SG,tezvo_token_raw.npy
tezza_token,tezza,HAo,fricative,AH,tezza_token_raw.npy
tezza_token,tezza,HAo,fricative,SG,tezza_token_raw.npy
tezze_token,tezze,HAo,fricative,AH,tezze_token_raw.npy
tezze_token,tezze,HAo,fricative,SG,tezze_token_raw.npy
tezzo_token,tezzo,HAo,fricative,AH,tezzo_token_raw.npy
tezzo_token,tezzo,HAo,fricative,SG,tezzo_token_raw.npy
tovva_token,tovva,HAo,fricative,AH,tovva_token_raw.npy
tovva_token,tovva,HAo,fricative,SG,tovva_token_raw.npy
tovve_token,tovve,HAo,fricative,AH,tovve_token_raw.npy
tovve_token,tovve,HAo,fricative,SG,tovve_token_raw.npy
tovvo_token,tovvo,HAo,fricative,AH,tovvo_token_raw.npy
tovvo_token,tovvo,HAo,fricative,SG,tovvo_token_raw.npy
tovza_token,tovza,HAo,fricative,AH,tovza_token_raw.npy
tovza_token,tovza,HAo,fricative,SG,tovza_token_raw.npy
tovze_token,tovze,HAo,fricative,AH,tovze_token_raw.npy
tovze_token,tovze,HAo,fricative,SG,tovze_token_raw.npy
tovzo_token,tovzo,HAo,fricative,AH,tovzo_token_raw.npy
tovzo_token,tovzo,HAo,fricative,SG,tovzo_token_raw.npy
tozva_token,tozva,HAo,fricative,AH,tozva_token_raw.npy
tozva_token,tozva,HAo,fricative,SG,tozva_token_raw.npy
tozve_token,tozve,HAo,fricative,AH,tozve_token_raw.npy
tozve_token,tozve,HAo,fricative,SG,tozve_token_raw.npy
tozvo_token,tozvo,HAo,fricative,AH,tozvo_token_raw.npy
tozvo_token,tozvo,HAo,fricative,SG,tozvo_token_raw.npy
tozza_token,tozza,HAo,fricative,AH,tozza_token_raw.npy
tozza_token,tozza,HAo,fricative,SG,tozza_token_raw.npy
tozze_token,tozze,HAo,fricative,AH,tozze_token_raw.npy
tozze_token,tozze,HAo,fricative,SG,tozze_token_raw.npy
tozzo_token,tozzo,HAo,fricative,AH,tozzo_token_raw.npy
tozzo_token,tozzo,HAo,fricative,SG,tozzo_token_raw.npy
mawpa_token_a,mawpa,SGn,glide,SG,mawpa_token_a_raw.npy
mawpe_token_a,mawpe,SGn,glide,SG,mawpe_token_a_raw.npy
mawpo_token_a,mawpo,SGn,glide,SG,mawpo_token_a_raw.npy
mawta_token_a,mawta,SGn,glide,SG,mawta_token_a_raw.npy
mawte_token_a,mawte,SGn,glide,SG,mawte_token_a_raw.npy
mawto_token_a,mawto,SGn,glide,SG,mawto_token_a_raw.npy
majpa_token_a,majpa,SGn,glide,SG,majpa_token_a_raw.npy
majpe_token_a,majpe,SGn,glide,SG,majpe_token_a_raw.npy
majpo_token_a,majpo,SGn,glide,SG,majpo_token_a_raw.npy
majta_token_a,majta,SGn,glide,SG,majta_token_a_raw.npy
majte_token_a,majte,SGn,glide,SG,majte_token_a_raw.npy
majto_token_a,majto,SGn,glide,SG,majto_token_a_raw.npy
mewpa_token_a,mewpa,SGn,glide,SG,mewpa_token_a_raw.npy
mewpe_token_a,mewpe,SGn,glide,SG,mewpe_token_a_raw.npy
mewpo_token_a,mewpo,SGn,glide,SG,mewpo_token_a_raw.npy
mewta_token_a,mewta,SGn,glide,SG,mewta_token_a_raw.npy
mewte_token_a,mewte,SGn,glide,SG,mewte_token_a_raw.npy
mewto_token_a,mewto,SGn,glide,SG,mewto_token_a_raw.npy
mejpa_token_a,mejpa,SGn,glide,SG,mejpa_token_a_raw.npy
mejpe_token_a,mejpe,SGn,glide,SG,mejpe_token_a_raw.npy
mejpo_token_a,mejpo,SGn,glide,SG,mejpo_token_a_raw.npy
mejta_token_a,mejta,SGn,glide,SG,mejta_token_a_raw.npy
mejte_token_a,mejte,SGn,glide,SG,mejte_token_a_raw.npy
mejto_token_a,mejto,SGn,glide,SG,mejto_token_a_raw.npy
mowpa_token_a,mowpa,SGn,glide,SG,mowpa_token_a_raw.npy
mowpe_token_a,mowpe,SGn,glide,SG,mowpe_token_a_raw.npy
mowpo_token_a,mowpo,SGn,glide,SG,mowpo_token_a_raw.npy
mowta_token_a,mowta,SGn,glide,SG,mowta_token_a_raw.npy
mowte_token_a,mowte,SGn,glide,SG,mowte_token_a_raw.npy
mowto_token_a,mowto,SGn,glide,SG,mowto_token_a_raw.npy
mojpa_token_a,mojpa,SGn,glide,SG,mojpa_token_a_raw.npy
mojpe_token_a,mojpe,SGn,glide,SG,mojpe_token_a_raw.npy
mojpo_token_a,mojpo,SGn,glide,SG,mojpo_token_a_raw.npy
mojta_token_a,mojta,SGn,glide,SG,mojta_token_a_raw.npy
mojte_token_a,mojte,SGn,glide,SG,mojte_token_a_raw.npy
mojto_token_a,mojto,SGn,glide,SG,mojto_token_a_raw.npy
nawpa_token_a,nawpa,SGn,glide,SG,nawpa_token_a_raw.npy
nawpe_token_a,nawpe,SGn,glide,SG,nawpe_token_a_raw.npy
nawpo_token_a,nawpo,SGn,glide,SG,nawpo_token_a_raw.npy
nawta_token_a,nawta,SGn,glide,SG,nawta_token_a_raw.npy
nawte_token_a,nawte,SGn,glide,SG,nawte_token_a_raw.npy
nawto_token_a,nawto,SGn,glide,SG,nawto_token_a_raw.npy
najpa_token_a,najpa,SGn,glide,SG,najpa_token_a_raw.npy
najpe_token_a,najpe,SGn,glide,SG,najpe_token_a_raw.npy
najpo_token_a,najpo,SGn,glide,SG,najpo_token_a_raw.npy
najta_token_a,najta,SGn,glide,SG,najta_token_a_raw.npy
najte_token_a,najte,SGn,glide,SG,najte_token_a_raw.npy
najto_token_a,najto,SGn,glide,SG,najto_token_a_raw.npy
newpa_token_a,newpa,SGn,glide,SG,newpa_token_a_raw.npy
newpe_token_a,newpe,SGn,glide,SG,newpe_token_a_raw.npy
newpo_token_a,newpo,SGn,glide,SG,newpo_token_a_raw.npy
newta_token_a,newta,SGn,glide,SG,newta_token_a_raw.npy
newte_token_a,newte,SGn,glide,SG,newte_token_a_raw.npy
newto_token_a,newto,SGn,glide,SG,newto_token_a_raw.npy
nejpa_token_a,nejpa,SGn,glide,SG,nejpa_token_a_raw.npy
nejpe_token_a,nejpe,SGn,glide,SG,nejpe_token_a_raw.npy
nejpo_token_a,nejpo,SGn,glide,SG,nejpo_token_a_raw.npy
nejta_token_a,nejta,SGn,glide,SG,nejta_token_a_raw.npy
nejte_token_a,nejte,SGn,glide,SG,nejte_token_a_raw.npy
nejto_token_a,nejto,SGn,glide,SG,nejto_token_a_raw.npy
nowpa_token_a,nowpa,SGn,glide,SG,nowpa_token_a_raw.npy
nowpe_token_a,nowpe,SGn,glide,SG,nowpe_token_a_raw.npy
nowpo_token_a,nowpo,SGn,glide,SG,nowpo_token_a_raw.npy
nowta_token_a,nowta,SGn,glide,SG,nowta_token_a_raw.npy
nowte_token_a,nowte,SGn,glide,SG,nowte_token_a_raw.npy
nowto_token_a,nowto,SGn,glide,SG,nowto_token_a_raw.npy
nojpa_token_a,nojpa,SGn,glide,SG,nojpa_token_a_raw.npy
nojpe_token_a,nojpe,SGn,glide,SG,nojpe_token_a_raw.npy
nojpo_token_a,nojpo,SGn,glide,SG,nojpo_token_a_raw.npy
nojta_token_a,nojta,SGn,glide,SG,nojta_token_a_raw.npy
nojte_token_a,nojte,SGn,glide,SG,nojte_token_a_raw.npy
nojto_token_a,nojto,SGn,glide,SG,nojto_token_a_raw.npy
mavpa_token_a,mavpa,SGn,fricative,SG,mavpa_token_a_raw.npy
mavpe_token_a,mavpe,SGn,fricative,SG,mavpe_token_a_raw.npy
mavpo_token_a,mavpo,SGn,fricative,SG,mavpo_token_a_raw.npy
mavta_token_a,mavta,SGn,fricative,SG,mavta_token_a_raw.npy
mavte_token_a,mavte,SGn,fricative,SG,mavte_token_a_raw.npy
mavto_token_a,mavto,SGn,fricative,SG,mavto_token_a_raw.npy
mazpa_token_a,mazpa,SGn,fricative,SG,mazpa_token_a_raw.npy
mazpe_token_a,mazpe,SGn,fricative,SG,mazpe_token_a_raw.npy
mazpo_token_a,mazpo,SGn,fricative,SG,mazpo_token_a_raw.npy
mazta_token_a,mazta,SGn,fricative,SG,mazta_token_a_raw.npy
mazte_token_a,mazte,SGn,fricative,SG,mazte_token_a_raw.npy
mazto_token_a,mazto,SGn,fricative,SG,mazto_token_a_raw.npy
mevpa_token_a,mevpa,SGn,fricative,SG,mevpa_token_a_raw.npy
mevpe_token_a,mevpe,SGn,fricative,SG,mevpe_token_a_raw.npy
mevpo_token_a,mevpo,SGn,fricative,SG,mevpo_token_a_raw.npy
mevta_token_a,mevta,SGn,fricative,SG,mevta_token_a_raw.npy
mevte_token_a,mevte,SGn,fricative,SG,mevte_token_a_raw.npy
mevto_token_a,mevto,SGn,fricative,SG,mevto_token_a_raw.npy
mezpa_token_a,mezpa,SGn,fricative,SG,mezpa_token_a_raw.npy
mezpe_token_a,mezpe,SGn,fricative,SG,mezpe_token_a_raw.npy
mezpo_token_a,mezpo,SGn,fricative,SG,mezpo_token_a_raw.npy
mezta_token_a,mezta,SGn,fricative,SG,mezta_token_a_raw.npy
mezte_token_a,mezte,SGn,fricative,SG,mezte_token_a_raw.npy
mezto_token_a,mezto,SGn,fricative,SG,mezto_token_a_raw.npy
movpa_token_a,movpa,SGn,fricative,SG,movpa_token_a_raw.npy
movpe_token_a,movpe,SGn,fricative,SG,movpe_token_a_raw.npy
movpo_token_a,movpo,SGn,fricative,SG,movpo_token_a_raw.npy
movta_token_a,movta,SGn,fricative,SG,movta_token_a_raw.npy
movte_token_a,movte,SGn,fricative,SG,movte_token_a_raw.npy
movto_token_a,movto,SGn,fricative,SG,movto_token_a_raw.npy
mozpa_token_a,mozpa,SGn,fricative,SG,mozpa_token_a_raw.npy
mozpe_token_a,mozpe,SGn,fricative,SG,mozpe_token_a_raw.npy
mozpo_token_a,mozpo,SGn,fricative,SG,mozpo_token_a_raw.npy
mozta_token_a,mozta,SGn,fricative,SG,mozta_token_a_raw.npy
mozte_token_a,mozte,SGn,fricative,SG,mozte_token_a_raw.npy
mozto_token_a,mozto,SGn,fricative,SG,mozto_token_a_raw.npy
navpa_token_a,navpa,SGn,fricative,SG,navpa_token_a_raw.npy
navpe_token_a,navpe,SGn,fricative,SG,navpe_token_a_raw.npy
navpo_token_a,navpo,SGn,fricative,SG,navpo_token_a_raw.npy
navta_token_a,navta,SGn,fricative,SG,navta_token_a_raw.npy
navte_token_a,navte,SGn,fricative,SG,navte_token_a_raw.npy
navto_token_a,navto,SGn,fricative,SG,navto_token_a_raw.npy
nazpa_token_a,nazpa,SGn,fricative,SG,nazpa_token_a_raw.npy
nazpe_token_a,nazpe,SGn,fricative,SG,nazpe_token_a_raw.npy
nazpo_token_a,nazpo,SGn,fricative,SG,nazpo_token_a_raw.npy
nazta_token_a,nazta,SGn,fricative,SG,nazta_token_a_raw.npy
nazte_token_a,nazte,SGn,fricative,SG,nazte_token_a_raw.npy
nazto_token_a,nazto,SGn,fricative,SG,nazto_token_a_raw.npy
nevpa_token_a,nevpa,SGn,fricative,SG,nevpa_token_a_raw.npy
nevpe_token_a,nevpe,SGn,fricative,SG,nevpe_token_a_raw.npy
nevpo_token_a,nevpo,SGn,fricative,SG,nevpo_token_a_raw.npy
nevta_token_a,nevta,SGn,fricative,SG,nevta_token_a_raw.npy
nevte_token_a,nevte,SGn,fricative,SG,nevte_token_a_raw.npy
nevto_token_a,nevto,SGn,fricative,SG,nevto_token_a_raw.npy
nezpa_token_a,nezpa,SGn,fricative,SG,nezpa_token_a_raw.npy
nezpe_token_a,nezpe,SGn,fricative,SG,nezpe_token_a_raw.npy
nezpo_token_a,nezpo,SGn,fricative,SG,nezpo_token_a_raw.npy
nezta_token_a,nezta,SGn,fricative,SG,nezta_token_a_raw.npy
nezte_token_a,nezte,SGn,fricative,SG,nezte_token_a_raw.npy
nezto_token_a,nezto,SGn,fricative,SG,nezto_token_a_raw.npy
novpa_token_a,novpa,SGn,fricative,SG,novpa_token_a_raw.npy
novpe_token_a,novpe,SGn,fricative,SG,novpe_token_a_raw.npy
novpo_token_a,novpo,SGn,fricative,SG,novpo_token_a_raw.npy
novta_token_a,novta,SGn,fricative,SG,novta_token_a_raw.npy
novte_token_a,novte,SGn,fricative,SG,novte_token_a_raw.npy
novto_token_a,novto,SGn,fricative,SG,novto_token_a_raw.npy
nozpa_token_a,nozpa,SGn,fricative,SG,nozpa_token_a_raw.npy
nozpe_token_a,nozpe,SGn,fricative,SG,nozpe_token_a_raw.npy
nozpo_token_a,nozpo,SGn,fricative,SG,nozpo_token_a_raw.npy
nozta_token_a,nozta,SGn,fricative,SG,nozta_token_a_raw.npy
nozte_token_a,nozte,SGn,fricative,SG,nozte_token_a_raw.npy
nozto_token_a,nozto,SGn,fricative,SG,nozto_token_a_raw.npy
wawpa_token,wawpa,BLo,glide,AH,wawpa_token_raw.npy
wawpa_token,wawpa,SGo,glide,SG,wawpa_token_raw.npy
wawpe_token,wawpe,BLo,glide,AH,wawpe_token_raw.npy
wawpe_token,wawpe,SGo,glide,SG,wawpe_token_raw.npy
wawpo_token,wawpo,BLo,glide,AH,wawpo_token_raw.npy
wawpo_token,wawpo,SGo,glide,SG,wawpo_token_raw.npy
wawta_token,wawta,BLo,glide,AH,wawta_token_raw.npy
wawta_token,wawta,SGo,glide,SG,wawta_token_raw.npy
wawte_token,wawte,BLo,glide,AH,wawte_token_raw.npy
wawte_token,wawte,SGo,glide,SG,wawte_token_raw.npy
wawto_token,wawto,BLo,glide,AH,wawto_token_raw.npy
wawto_token,wawto,SGo,glide,SG,wawto_token_raw.npy
wajpa_token,wajpa,BLo,glide,AH,wajpa_token_raw.npy
wajpa_token,wajpa,SGo,glide,SG,wajpa_token_raw.npy
wajpe_token,wajpe,BLo,glide,AH,wajpe_token_raw.npy
wajpe_token,wajpe,SGo,glide,SG,wajpe_token_raw.npy
wajpo_token,wajpo,BLo,glide,AH,wajpo_token_raw.npy
wajpo_token,wajpo,SGo,glide,SG,wajpo_token_raw.npy
wajta_token,wajta,BLo,glide,AH,wajta_token_raw.npy
wajta_token,wajta,SGo,glide,SG,wajta_token_raw.npy
wajte_token,wajte,BLo,glide,AH,wajte_token_raw.npy
wajte_token,wajte,SGo,glide,SG,wajte_token_raw.npy
wajto_token,wajto,BLo,glide,AH,wajto_token_raw.npy
wajto_token,wajto,SGo,glide,SG,wajto_token_raw.npy
wewpa_token,wewpa,BLo,glide,AH,wewpa_token_raw.npy
wewpa_token,wewpa,SGo,glide,SG,wewpa_token_raw.npy
wewpe_token,wewpe,BLo,glide,AH,wewpe_token_raw.npy
wewpe_token,wewpe,SGo,glide,SG,wewpe_token_raw.npy
wewpo_token,wewpo,BLo,glide,AH,wewpo_token_raw.npy
wewpo_token,wewpo,SGo,glide,SG,wewpo_token_raw.npy
wewta_token,wewta,BLo,glide,AH,wewta_token_raw.npy
wewta_token,wewta,SGo,glide,SG,wewta_token_raw.npy
wewte_token,wewte,BLo,glide,AH,wewte_token_raw.npy
wewte_token,wewte,SGo,glide,SG,wewte_token_raw.npy
wewto_token,wewto,BLo,glide,AH,wewto_token_raw.npy
wewto_token,wewto,SGo,glide,SG,wewto_token_raw.npy
wejpa_token,wejpa,BLo,glide,AH,wejpa_token_raw.npy
wejpa_token,wejpa,SGo,glide,SG,wejpa_token_raw.npy
wejpe_token,wejpe,BLo,glide,AH,wejpe_token_raw.npy
wejpe_token,wejpe,SGo,glide,SG,wejpe_token_raw.npy
wejpo_token,wejpo,BLo,glide,AH,wejpo_token_raw.npy
wejpo_token,wejpo,SGo,glide,SG,wejpo_token_raw.npy
wejta_token,wejta,BLo,glide,AH,wejta_token_raw.npy
wejta_token,wejta,SGo,glide,SG,wejta_token_raw.npy
wejte_token,wejte,BLo,glide,AH,wejte_token_raw.npy
wejte_token,wejte,SGo,glide,SG,wejte_token_raw.npy
wejto_token,wejto,BLo,glide,AH,wejto_token_raw.npy
wejto_token,wejto,SGo,glide,SG,wejto_token_raw.npy
wowpa_token,wowpa,BLo,glide,AH,wowpa_token_raw.npy
wowpa_token,wowpa,SGo,glide,SG,wowpa_token_raw.npy
wowpe_token,wowpe,BLo,glide,AH,wowpe_token_raw.npy
wowpe_token,wowpe,SGo,glide,SG,wowpe_token_raw.npy
wowpo_token,wowpo,BLo,glide,AH,wowpo_token_raw.npy
wowpo_token,wowpo,SGo,glide,SG,wowpo_token_raw.npy
wowta_token,wowta,BLo,glide,AH,wowta_token_raw.npy
wowta_token,wowta,SGo,glide,SG,wowta_token_raw.npy
wowte_token,wowte,BLo,glide,AH,wowte_token_raw.npy
wowte_token,wowte,SGo,glide,SG,wowte_token_raw.npy
wowto_token,wowto,BLo,glide,AH,wowto_token_raw.npy
wowto_token,wowto,SGo,glide,SG,wowto_token_raw.npy
wojpa_token,wojpa,BLo,glide,AH,wojpa_token_raw.npy
wojpa_token,wojpa,SGo,glide,SG,wojpa_token_raw.npy
wojpe_token,wojpe,BLo,glide,AH,wojpe_token_raw.npy
wojpe_token,wojpe,SGo,glide,SG,wojpe_token_raw.npy
wojpo_token,wojpo,BLo,glide,AH,wojpo_token_raw.npy
wojpo_token,wojpo,SGo,glide,SG,wojpo_token_raw.npy
wojta_token,wojta,BLo,glide,AH,wojta_token_raw.npy
wojta_token,wojta,SGo,glide,SG,wojta_token_raw.npy
wojte_token,wojte,BLo,glide,AH,wojte_token_raw.npy
wojte_token,wojte,SGo,glide,SG,wojte_token_raw.npy
wojto_token,wojto,BLo,glide,AH,wojto_token_raw.npy
wojto_token,wojto,SGo,glide,SG,wojto_token_raw.npy
jawpa_token,jawpa,BLo,glide,AH,jawpa_token_raw.npy
jawpa_token,jawpa,SGo,glide,SG,jawpa_token_raw.npy
jawpe_token,jawpe,BLo,glide,AH,jawpe_token_raw.npy
jawpe_token,jawpe,SGo,glide,SG,jawpe_token_raw.npy
jawpo_token,jawpo,BLo,glide,AH,jawpo_token_raw.npy
jawpo_token,jawpo,SGo,glide,SG,jawpo_token_raw.npy
jawta_token,jawta,BLo,glide,AH,jawta_token_raw.npy
jawta_token,jawta,SGo,glide,SG,jawta_token_raw.npy
jawte_token,jawte,BLo,glide,AH,jawte_token_raw.npy
jawte_token,jawte,SGo,glide,SG,jawte_token_raw.npy
jawto_token,jawto,BLo,glide,AH,jawto_token_raw.npy
jawto_token,jawto,SGo,glide,SG,jawto_token_raw.npy
jajpa_token,jajpa,BLo,glide,AH,jajpa_token_raw.npy
jajpa_token,jajpa,SGo,glide,SG,jajpa_token_raw.npy
jajpe_token,jajpe,BLo,glide,AH,jajpe_token_raw.npy
jajpe_token,jajpe,SGo,glide,SG,jajpe_token_raw.npy
jajpo_token,jajpo,BLo,glide,AH,jajpo_token_raw.npy
jajpo_token,jajpo,SGo,glide,SG,jajpo_token_raw.npy
jajta_token,jajta,BLo,glide,AH,jajta_token_raw.npy
jajta_token,jajta,SGo,glide,SG,jajta_token_raw.npy
jajte_token,jajte,BLo,glide,AH,jajte_token_raw.npy
jajte_token,jajte,SGo,glide,SG,jajte_token_raw.npy
jajto_token,jajto,BLo,glide,AH,jajto_token_raw.npy
jajto_token,jajto,SGo,glide,SG,jajto_token_raw.npy
jewpa_token,jewpa,BLo,glide,AH,jewpa_token_raw.npy
jewpa_token,jewpa,SGo,glide,SG,jewpa_token_raw.npy
jewpe_token,jewpe,BLo,glide,AH,jewpe_token_raw.npy
jewpe_token,jewpe,SGo,glide,SG,jewpe_token_raw.npy
jewpo_token,jewpo,BLo,glide,AH,jewpo_token_raw.npy
jewpo_token,jewpo,SGo,glide,SG,jewpo_token_raw.npy
jewta_token,jewta,BLo,glide,AH,jewta_token_raw.npy
jewta_token,jewta,SGo,glide,SG,jewta_token_raw.npy
jewte_token,jewte,BLo,glide,AH,jewte_token_raw.npy
jewte_token,jewte,SGo,glide,SG,jewte_token_raw.npy
jewto_token,jewto,BLo,glide,AH,jewto_token_raw.npy
jewto_token,jewto,SGo,glide,SG,jewto_token_raw.npy
jejpa_token,jejpa,BLo,glide,AH,jejpa_token_raw.npy
jejpa_token,jejpa,SGo,glide,SG,jejpa_token_raw.npy
jejpe_token,jejpe,BLo,glide,AH,jejpe_token_raw.npy
jejpe_token,jejpe,SGo,glide,SG,jejpe_token_raw.npy
jejpo_token,jejpo,BLo,glide,AH,jejpo_token_raw.npy
jejpo_token,jejpo,SGo,glide,SG,jejpo_token_raw.npy
jejta_token,jejta,BLo,glide,AH,jejta_token_raw.npy
jejta_token,jejta,SGo,glide,SG,jejta_token_raw.npy
jejte_token,jejte,BLo,glide,AH,jejte_token_raw.npy
jejte_token,jejte,SGo,glide,SG,jejte_token_raw.npy
jejto_token,jejto,BLo,glide,AH,jejto_token_raw.npy
jejto_token,jejto,SGo,glide,SG,jejto_token_raw.npy
jowpa_token,jowpa,BLo,glide,AH,jowpa_token_raw.npy
jowpa_token,jowpa,SGo,glide,SG,jowpa_token_raw.npy
jowpe_token,jowpe,BLo,glide,AH,jowpe_token_raw.npy
jowpe_token,jowpe,SGo,glide,SG,jowpe_token_raw.npy
jowpo_token,jowpo,BLo,glide,AH,jowpo_token_raw.npy
jowpo_token,jowpo,SGo,glide,SG,jowpo_token_raw.npy
jowta_token,jowta,BLo,glide,AH,jowta_token_raw.npy
jowta_token,jowta,SGo,glide,SG,jowta_token_raw.npy
jowte_token,jowte,BLo,glide,AH,jowte_token_raw.npy
jowte_token,jowte,SGo,glide,SG,jowte_token_raw.npy
jowto_token,jowto,BLo,glide,AH,jowto_token_raw.npy
jowto_token,jowto,SGo,glide,SG,jowto_token_raw.npy
jojpa_token,jojpa,BLo,glide,AH,jojpa_token_raw.npy
jojpa_token,jojpa,SGo,glide,SG,jojpa_token_raw.npy
jojpe_token,jojpe,BLo,glide,AH,jojpe_token_raw.npy
jojpe_token,jojpe,SGo,glide,SG,jojpe_token_raw.npy
jojpo_token,jojpo,BLo,glide,AH,jojpo_token_raw.npy
jojpo_token,jojpo,SGo,glide,SG,jojpo_token_raw.npy
jojta_token,jojta,BLo,glide,AH,jojta_token_raw.npy
jojta_token,jojta,SGo,glide,SG,jojta_token_raw.npy
jojte_token,jojte,BLo,glide,AH,jojte_token_raw.npy
jojte_token,jojte,SGo,glide,SG,jojte_token_raw.npy
jojto_token,jojto,BLo,glide,AH,jojto_token_raw.npy
jojto_token,jojto,SGo,glide,SG,jojto_token_raw.npy
pawpa_token,pawpa,BLo,glide,AH,pawpa_token_raw.npy
pawpa_token,pawpa,SGo,glide,SG,pawpa_token_raw.npy
pawpe_token,pawpe,BLo,glide,AH,pawpe_token_raw.npy
pawpe_token,pawpe,SGo,glide,SG,pawpe_token_raw.npy
pawpo_token,pawpo,BLo,glide,AH,pawpo_token_raw.npy
pawpo_token,pawpo,SGo,glide,SG,pawpo_token_raw.npy
pawta_token,pawta,BLo,glide,AH,pawta_token_raw.npy
pawta_token,pawta,SGo,glide,SG,pawta_token_raw.npy
pawte_token,pawte,BLo,glide,AH,pawte_token_raw.npy
pawte_token,pawte,SGo,glide,SG,pawte_token_raw.npy
pawto_token,pawto,BLo,glide,AH,pawto_token_raw.npy
pawto_token,pawto,SGo,glide,SG,pawto_token_raw.npy
pajpa_token,pajpa,BLo,glide,AH,pajpa_token_raw.npy
pajpa_token,pajpa,SGo,glide,SG,pajpa_token_raw.npy
pajpe_token,pajpe,BLo,glide,AH,pajpe_token_raw.npy
pajpe_token,pajpe,SGo,glide,SG,pajpe_token_raw.npy
pajpo_token,pajpo,BLo,glide,AH,pajpo_token_raw.npy
pajpo_token,pajpo,SGo,glide,SG,pajpo_token_raw.npy
pajta_token,pajta,BLo,glide,AH,pajta_token_raw.npy
pajta_token,pajta,SGo,glide,SG,pajta_token_raw.npy
pajte_token,pajte,BLo,glide,AH,pajte_token_raw.npy
pajte_token,pajte,SGo,glide,SG,pajte_token_raw.npy
pajto_token,pajto,BLo,glide,AH,pajto_token_raw.npy
pajto_token,pajto,SGo,glide,SG,pajto_token_raw.npy
pewpa_token,pewpa,BLo,glide,AH,pewpa_token_raw.npy
pewpa_token,pewpa,SGo,glide,SG,pewpa_token_raw.npy
pewpe_token,pewpe,BLo,glide,AH,pewpe_token_raw.npy
pewpe_token,pewpe,SGo,glide,SG,pewpe_token_raw.npy
pewpo_token,pewpo,BLo,glide,AH,pewpo_token_raw.npy
pewpo_token,pewpo,SGo,glide,SG,pewpo_token_raw.npy
pewta_token,pewta,BLo,glide,AH,pewta_token_raw.npy
pewta_token,pewta,SGo,glide,SG,pewta_token_raw.npy
pewte_token,pewte,BLo,glide,AH,pewte_token_raw.npy
pewte_token,pewte,SGo,glide,SG,pewte_token_raw.npy
pewto_token,pewto,BLo,glide,AH,pewto_token_raw.npy
pewto_token,pewto,SGo,glide,SG,pewto_token_raw.npy
pejpa_token,pejpa,BLo,glide,AH,pejpa_token_raw.npy
pejpa_token,pejpa,SGo,glide,SG,pejpa_token_raw.npy
pejpe_token,pejpe,BLo,glide,AH,pejpe_token_raw.npy
pejpe_token,pejpe,SGo,glide,SG,pejpe_token_raw.npy
pejpo_token,pejpo,BLo,glide,AH,pejpo_token_raw.npy
pejpo_token,pejpo,SGo,glide,SG,pejpo_token_raw.npy
pejta_token,pejta,BLo,glide,AH,pejta_token_raw.npy
pejta_token,pejta,SGo,glide,SG,pejta_token_raw.npy
pejte_token,pejte,BLo,glide,AH,pejte_token_raw.npy
pejte_token,pejte,SGo,glide,SG,pejte_token_raw.npy
pejto_token,pejto,BLo,glide,AH,pejto_token_raw.npy
pejto_token,pejto,SGo,glide,SG,pejto_token_raw.npy
powpa_token,powpa,BLo,glide,AH,powpa_token_raw.npy
powpa_token,powpa,SGo,glide,SG,powpa_token_raw.npy
powpe_token,powpe,BLo,glide,AH,powpe_token_raw.npy
powpe_token,powpe,SGo,glide,SG,powpe_token_raw.npy
powpo_token,powpo,BLo,glide,AH,powpo_token_raw.npy
powpo_token,powpo,SGo,glide,SG,powpo_token_raw.npy
powta_token,powta,BLo,glide,AH,powta_token_raw.npy
powta_token,powta,SGo,glide,SG,powta_token_raw.npy
powte_token,powte,BLo,glide,AH,powte_token_raw.npy
powte_token,powte,SGo,glide,SG,powte_token_raw.npy
powto_token,powto,BLo,glide,AH,powto_token_raw.npy
powto_token,powto,SGo,glide,SG,powto_token_raw.npy
pojpa_token,pojpa,BLo,glide,AH,pojpa_token_raw.npy
pojpa_token,pojpa,SGo,glide,SG,pojpa_token_raw.npy
pojpe_token,pojpe,BLo,glide,AH,pojpe_token_raw.npy
pojpe_token,pojpe,SGo,glide,SG,pojpe_token_raw.npy
pojpo_token,pojpo,BLo,glide,AH,pojpo_token_raw.npy
pojpo_token,pojpo,SGo,glide,SG,pojpo_token_raw.npy
pojta_token,pojta,BLo,glide,AH,pojta_token_raw.npy
pojta_token,pojta,SGo,glide,SG,pojta_token_raw.npy
pojte_token,pojte,BLo,glide,AH,pojte_token_raw.npy
pojte_token,pojte,SGo,glide,SG,pojte_token_raw.npy
pojto_token,pojto,BLo,glide,AH,pojto_token_raw.npy
pojto_token,pojto,SGo,glide,SG,pojto_token_raw.npy
tawpa_token,tawpa,BLo,glide,AH,tawpa_token_raw.npy
tawpa_token,tawpa,SGo,glide,SG,tawpa_token_raw.npy
tawpe_token,tawpe,BLo,glide,AH,tawpe_token_raw.npy
tawpe_token,tawpe,SGo,glide,SG,tawpe_token_raw.npy
tawpo_token,tawpo,BLo,glide,AH,tawpo_token_raw.npy
tawpo_token,tawpo,SGo,glide,SG,tawpo_token_raw.npy
tawta_token,tawta,BLo,glide,AH,tawta_token_raw.npy
tawta_token,tawta,SGo,glide,SG,tawta_token_raw.npy
tawte_token,tawte,BLo,glide,AH,tawte_token_raw.npy
tawte_token,tawte,SGo,glide,SG,tawte_token_raw.npy
tawto_token,tawto,BLo,glide,AH,tawto_token_raw.npy
tawto_token,tawto,SGo,glide,SG,tawto_token_raw.npy
tajpa_token,tajpa,BLo,glide,AH,tajpa_token_raw.npy
tajpa_token,tajpa,SGo,glide,SG,tajpa_token_raw.npy
tajpe_token,tajpe,BLo,glide,AH,tajpe_token_raw.npy
tajpe_token,tajpe,SGo,glide,SG,tajpe_token_raw.npy
tajpo_token,tajpo,BLo,glide,AH,tajpo_token_raw.npy
tajpo_token,tajpo,SGo,glide,SG,tajpo_token_raw.npy
tajta_token,tajta,BLo,glide,AH,tajta_token_raw.npy
tajta_token,tajta,SGo,glide,SG,tajta_token_raw.npy
tajte_token,tajte,BLo,glide,AH,tajte_token_raw.npy
tajte_token,tajte,SGo,glide,SG,tajte_token_raw.npy
tajto_token,tajto,BLo,glide,AH,tajto_token_raw.npy
tajto_token,tajto,SGo,glide,SG,tajto_token_raw.npy
tewpa_token,tewpa,BLo,glide,AH,tewpa_token_raw.npy
tewpa_token,tewpa,SGo,glide,SG,tewpa_token_raw.npy
tewpe_token,tewpe,BLo,glide,AH,tewpe_token_raw.npy
tewpe_token,tewpe,SGo,glide,SG,tewpe_token_raw.npy
tewpo_token,tewpo,BLo,glide,AH,tewpo_token_raw.npy
tewpo_token,tewpo,SGo,glide,SG,tewpo_token_raw.npy
tewta_token,tewta,BLo,glide,AH,tewta_token_raw.npy
tewta_token,tewta,SGo,glide,SG,tewta_token_raw.npy
tewte_token,tewte,BLo,glide,AH,tewte_token_raw.npy
tewte_token,tewte,SGo,glide,SG,tewte_token_raw.npy
tewto_token,tewto,BLo,glide,AH,tewto_token_raw.npy
tewto_token,tewto,SGo,glide,SG,tewto_token_raw.npy
tejpa_token,tejpa,BLo,glide,AH,tejpa_token_raw.npy
tejpa_token,tejpa,SGo,glide,SG,tejpa_token_raw.npy
tejpe_token,tejpe,BLo,glide,AH,tejpe_token_raw.npy
tejpe_token,tejpe,SGo,glide,SG,tejpe_token_raw.npy
tejpo_token,tejpo,BLo,glide,AH,tejpo_token_raw.npy
tejpo_token,tejpo,SGo,glide,SG,tejpo_token_raw.npy
tejta_token,tejta,BLo,glide,AH,tejta_token_raw.npy
tejta_token,tejta,SGo,glide,SG,tejta_token_raw.npy
tejte_token,tejte,BLo,glide,AH,tejte_token_raw.npy
tejte_token,tejte,SGo,glide,SG,tejte_token_raw.npy
tejto_token,tejto,BLo,glide,AH,tejto_token_raw.npy
tejto_token,tejto,SGo,glide,SG,tejto_token_raw.npy
towpa_token,towpa,BLo,glide,AH,towpa_token_raw.npy
towpa_token,towpa,SGo,glide,SG,towpa_token_raw.npy
towpe_token,towpe,BLo,glide,AH,towpe_token_raw.npy
towpe_token,towpe,SGo,glide,SG,towpe_token_raw.npy
towpo_token,towpo,BLo,glide,AH,towpo_token_raw.npy
towpo_token,towpo,SGo,glide,SG,towpo_token_raw.npy
towta_token,towta,BLo,glide,AH,towta_token_raw.npy
towta_token,towta,SGo,glide,SG,towta_token_raw.npy
towte_token,towte,BLo,glide,AH,towte_token_raw.npy
towte_token,towte,SGo,glide,SG,towte_token_raw.npy
towto_token,towto,BLo,glide,AH,towto_token_raw.npy
towto_token,towto,SGo,glide,SG,towto_token_raw.npy
tojpa_token,tojpa,BLo,glide,AH,tojpa_token_raw.npy
tojpa_token,tojpa,SGo,glide,SG,tojpa_token_raw.npy
tojpe_token,tojpe,BLo,glide,AH,tojpe_token_raw.npy
tojpe_token,tojpe,SGo,glide,SG,tojpe_token_raw.npy
tojpo_token,tojpo,BLo,glide,AH,tojpo_token_raw.npy
tojpo_token,tojpo,SGo,glide,SG,tojpo_token_raw.npy
tojta_token,tojta,BLo,glide,AH,tojta_token_raw.npy
tojta_token,tojta,SGo,glide,SG,tojta_token_raw.npy
tojte_token,tojte,BLo,glide,AH,tojte_token_raw.npy
tojte_token,tojte,SGo,glide,SG,tojte_token_raw.npy
tojto_token,tojto,BLo,glide,AH,tojto_token_raw.npy
tojto_token,tojto,SGo,glide,SG,tojto_token_raw.npy
vavpa_token,vavpa,BLo,fricative,AH,vavpa_token_raw.npy
vavpa_token,vavpa,SGo,fricative,SG,vavpa_token_raw.npy
vavpe_token,vavpe,BLo,fricative,AH,vavpe_token_raw.npy
vavpe_token,vavpe,SGo,fricative,SG,vavpe_token_raw.npy
vavpo_token,vavpo,BLo,fricative,AH,vavpo_token_raw.npy
vavpo_token,vavpo,SGo,fricative,SG,vavpo_token_raw.npy
vavta_token,vavta,BLo,fricative,AH,vavta_token_raw.npy
vavta_token,vavta,SGo,fricative,SG,vavta_token_raw.npy
vavte_token,vavte,BLo,fricative,AH,vavte_token_raw.npy
vavte_token,vavte,SGo,fricative,SG,vavte_token_raw.npy
vavto_token,vavto,BLo,fricative,AH,vavto_token_raw.npy
vavto_token,vavto,SGo,fricative,SG,vavto_token_raw.npy
vazpa_token,vazpa,BLo,fricative,AH,vazpa_token_raw.npy
vazpa_token,vazpa,SGo,fricative,SG,vazpa_token_raw.npy
vazpe_token,vazpe,BLo,fricative,AH,vazpe_token_raw.npy
vazpe_token,vazpe,SGo,fricative,SG,vazpe_token_raw.npy
vazpo_token,vazpo,BLo,fricative,AH,vazpo_token_raw.npy
vazpo_token,vazpo,SGo,fricative,SG,vazpo_token_raw.npy
vazta_token,vazta,BLo,fricative,AH,vazta_token_raw.npy
vazta_token,vazta,SGo,fricative,SG,vazta_token_raw.npy
vazte_token,vazte,BLo,fricative,AH,vazte_token_raw.npy
vazte_token,vazte,SGo,fricative,SG,vazte_token_raw.npy
vazto_token,vazto,BLo,fricative,AH,vazto_token_raw.npy
vazto_token,vazto,SGo,fricative,SG,vazto_token_raw.npy
vevpa_token,vevpa,BLo,fricative,AH,vevpa_token_raw.npy
vevpa_token,vevpa,SGo,fricative,SG,vevpa_token_raw.npy
vevpe_token,vevpe,BLo,fricative,AH,vevpe_token_raw.npy
vevpe_token,vevpe,SGo,fricative,SG,vevpe_token_raw.npy
vevpo_token,vevpo,BLo,fricative,AH,vevpo_token_raw.npy
vevpo_token,vevpo,SGo,fricative,SG,vevpo_token_raw.npy
vevta_token,vevta,BLo,fricative,AH,vevta_token_raw.npy
vevta_token,vevta,SGo,fricative,SG,vevta_token_raw.npy
vevte_token,vevte,BLo,fricative,AH,vevte_token_raw.npy
vevte_token,vevte,SGo,fricative,SG,vevte_token_raw.npy
vevto_token,vevto,BLo,fricative,AH,vevto_token_raw.npy
vevto_token,vevto,SGo,fricative,SG,vevto_token_raw.npy
vezpa_token,vezpa,BLo,fricative,AH,vezpa_token_raw.npy
vezpa_token,vezpa,SGo,fricative,SG,vezpa_token_raw.npy
vezpe_token,vezpe,BLo,fricative,AH,vezpe_token_raw.npy
vezpe_token,vezpe,SGo,fricative,SG,vezpe_token_raw.npy
vezpo_token,vezpo,BLo,fricative,AH,vezpo_token_raw.npy
vezpo_token,vezpo,SGo,fricative,SG,vezpo_token_raw.npy
vezta_token,vezta,BLo,fricative,AH,vezta_token_raw.npy
vezta_token,vezta,SGo,fricative,SG,vezta_token_raw.npy
vezte_token,vezte,BLo,fricative,AH,vezte_token_raw.npy
vezte_token,vezte,SGo,fricative,SG,vezte_token_raw.npy
vezto_token,vezto,BLo,fricative,AH,vezto_token_raw.npy
vezto_token,vezto,SGo,fricative,SG,vezto_token_raw.npy
vovpa_token,vovpa,BLo,fricative,AH,vovpa_token_raw.npy
vovpa_token,vovpa,SGo,fricative,SG,vovpa_token_raw.npy
vovpe_token,vovpe,BLo,fricative,AH,vovpe_token_raw.npy
vovpe_token,vovpe,SGo,fricative,SG,vovpe_token_raw.npy
vovpo_token,vovpo,BLo,fricative,AH,vovpo_token_raw.npy
vovpo_token,vovpo,SGo,fricative,SG,vovpo_token_raw.npy
vovta_token,vovta,BLo,fricative,AH,vovta_token_raw.npy
vovta_token,vovta,SGo,fricative,SG,vovta_token_raw.npy
vovte_token,vovte,BLo,fricative,AH,vovte_token_raw.npy
vovte_token,vovte,SGo,fricative,SG,vovte_token_raw.npy
vovto_token,vovto,BLo,fricative,AH,vovto_token_raw.npy
vovto_token,vovto,SGo,fricative,SG,vovto_token_raw.npy
vozpa_token,vozpa,BLo,fricative,AH,vozpa_token_raw.npy
vozpa_token,vozpa,SGo,fricative,SG,vozpa_token_raw.npy
vozpe_token,vozpe,BLo,fricative,AH,vozpe_token_raw.npy
vozpe_token,vozpe,SGo,fricative,SG,vozpe_token_raw.npy
vozpo_token,vozpo,BLo,fricative,AH,vozpo_token_raw.npy
vozpo_token,vozpo,SGo,fricative,SG,vozpo_token_raw.npy
vozta_token,vozta,BLo,fricative,AH,vozta_token_raw.npy
vozta_token,vozta,SGo,fricative,SG,vozta_token_raw.npy
vozte_token,vozte,BLo,fricative,AH,vozte_token_raw.npy
vozte_token,vozte,SGo,fricative,SG,vozte_token_raw.npy
vozto_token,vozto,BLo,fricative,AH,vozto_token_raw.npy
vozto_token,vozto,SGo,fricative,SG,vozto_token_raw.npy
zavpa_token,zavpa,BLo,fricative,AH,zavpa_token_raw.npy
zavpa_token,zavpa,SGo,fricative,SG,zavpa_token_raw.npy
zavpe_token,zavpe,BLo,fricative,AH,zavpe_token_raw.npy
zavpe_token,zavpe,SGo,fricative,SG,zavpe_token_raw.npy
zavpo_token,zavpo,BLo,fricative,AH,zavpo_token_raw.npy
zavpo_token,zavpo,SGo,fricative,SG,zavpo_token_raw.npy
zavta_token,zavta,BLo,fricative,AH,zavta_token_raw.npy
zavta_token,zavta,SGo,fricative,SG,zavta_token_raw.npy
zavte_token,zavte,BLo,fricative,AH,zavte_token_raw.npy
zavte_token,zavte,SGo,fricative,SG,zavte_token_raw.npy
zavto_token,zavto,BLo,fricative,AH,zavto_token_raw.npy
zavto_token,zavto,SGo,fricative,SG,zavto_token_raw.npy
zazpa_token,zazpa,BLo,fricative,AH,zazpa_token_raw.npy
zazpa_token,zazpa,SGo,fricative,SG,zazpa_token_raw.npy
zazpe_token,zazpe,BLo,fricative,AH,zazpe_token_raw.npy
zazpe_token,zazpe,SGo,fricative,SG,zazpe_token_raw.npy
zazpo_token,zazpo,BLo,fricative,AH,zazpo_token_raw.npy
zazpo_token,zazpo,SGo,fricative,SG,zazpo_token_raw.npy
zazta_token,zazta,BLo,fricative,AH,zazta_token_raw.npy
zazta_token,zazta,SGo,fricative,SG,zazta_token_raw.npy
zazte_token,zazte,BLo,fricative,AH,zazte_token_raw.npy
zazte_token,zazte,SGo,fricative,SG,zazte_token_raw.npy
zazto_token,zazto,BLo,fricative,AH,zazto_token_raw.npy
zazto_token,zazto,SGo,fricative,SG,zazto_token_raw.npy
zevpa_token,zevpa,BLo,fricative,AH,zevpa_token_raw.npy
zevpa_token,zevpa,SGo,fricative,SG,zevpa_token_raw.npy
zevpe_token,zevpe,BLo,fricative,AH,zevpe_token_raw.npy
zevpe_token,zevpe,SGo,fricative,SG,zevpe_token_raw.npy
zevpo_token,zevpo,BLo,fricative,AH,zevpo_token_raw.npy
zevpo_token,zevpo,SGo,fricative,SG,zevpo_token_raw.npy
zevta_token,zevta,BLo,fricative,AH,zevta_token_raw.npy
zevta_token,zevta,SGo,fricative,SG,zevta_token_raw.npy
zevte_token,zevte,BLo,fricative,AH,zevte_token_raw.npy
zevte_token,zevte,SGo,fricative,SG,zevte_token_raw.npy
zevto_token,zevto,BLo,fricative,AH,zevto_token_raw.npy
zevto_token,zevto,SGo,fricative,SG,zevto_token_raw.npy
zezpa_token,zezpa,BLo,fricative,AH,zezpa_token_raw.npy
zezpa_token,zezpa,SGo,fricative,SG,zezpa_token_raw.npy
zezpe_token,zezpe,BLo,fricative,AH,zezpe_token_raw.npy
zezpe_token,zezpe,SGo,fricative,SG,zezpe_token_raw.npy
zezpo_token,zezpo,BLo,fricative,AH,zezpo_token_raw.npy
zezpo_token,zezpo,SGo,fricative,SG,zezpo_token_raw.npy
zezta_token,zezta,BLo,fricative,AH,zezta_token_raw.npy
zezta_token,zezta,SGo,fricative,SG,zezta_token_raw.npy
zezte_token,zezte,BLo,fricative,AH,zezte_token_raw.npy
zezte_token,zezte,SGo,fricative,SG,zezte_token_raw.npy
zezto_token,zezto,BLo,fricative,AH,zezto_token_raw.npy
zezto_token,zezto,SGo,fricative,SG,zezto_token_raw.npy
zovpa_token,zovpa,BLo,fricative,AH,zovpa_token_raw.npy
zovpa_token,zovpa,SGo,fricative,SG,zovpa_token_raw.npy
zovpe_token,zovpe,BLo,fricative,AH,zovpe_token_raw.npy
zovpe_token,zovpe,SGo,fricative,SG,zovpe_token_raw.npy
zovpo_token,zovpo,BLo,fricative,AH,zovpo_token_raw.npy
zovpo_token,zovpo,SGo,fricative,SG,zovpo_token_raw.npy
zovta_token,zovta,BLo,fricative,AH,zovta_token_raw.npy
zovta_token,zovta,SGo,fricative,SG,zovta_token_raw.npy
zovte_token,zovte,BLo,fricative,AH,zovte_token_raw.npy
zovte_token,zovte,SGo,fricative,SG,zovte_token_raw.npy
zovto_token,zovto,BLo,fricative,AH,zovto_token_raw.npy
zovto_token,zovto,SGo,fricative,SG,zovto_token_raw.npy
zozpa_token,zozpa,BLo,fricative,AH,zozpa_token_raw.npy
zozpa_token,zozpa,SGo,fricative,SG,zozpa_token_raw.npy
zozpe_token,zozpe,BLo,fricative,AH,zozpe_token_raw.npy
zozpe_token,zozpe,SGo,fricative,SG,zozpe_token_raw.npy
zozpo_token,zozpo,BLo,fricative,AH,zozpo_token_raw.npy
zozpo_token,zozpo,SGo,fricative,SG,zozpo_token_raw.npy
zozta_token,zozta,BLo,fricative,AH,zozta_token_raw.npy
zozta_token,zozta,SGo,fricative,SG,zozta_token_raw.npy
zozte_token,zozte,BLo,fricative,AH,zozte_token_raw.npy
zozte_token,zozte,SGo,fricative,SG,zozte_token_raw.npy
zozto_token,zozto,BLo,fricative,AH,zozto_token_raw.npy
zozto_token,zozto,SGo,fricative,SG,zozto_token_raw.npy
pavpa_token,pavpa,BLo,fricative,AH,pavpa_token_raw.npy
pavpa_token,pavpa,SGo,fricative,SG,pavpa_token_raw.npy
pavpe_token,pavpe,BLo,fricative,AH,pavpe_token_raw.npy
pavpe_token,pavpe,SGo,fricative,SG,pavpe_token_raw.npy
pavpo_token,pavpo,BLo,fricative,AH,pavpo_token_raw.npy
pavpo_token,pavpo,SGo,fricative,SG,pavpo_token_raw.npy
pavta_token,pavta,BLo,fricative,AH,pavta_token_raw.npy
pavta_token,pavta,SGo,fricative,SG,pavta_token_raw.npy
pavte_token,pavte,BLo,fricative,AH,pavte_token_raw.npy
pavte_token,pavte,SGo,fricative,SG,pavte_token_raw.npy
pavto_token,pavto,BLo,fricative,AH,pavto_token_raw.npy
pavto_token,pavto,SGo,fricative,SG,pavto_token_raw.npy
pazpa_token,pazpa,BLo,fricative,AH,pazpa_token_raw.npy
pazpa_token,pazpa,SGo,fricative,SG,pazpa_token_raw.npy
pazpe_token,pazpe,BLo,fricative,AH,pazpe_token_raw.npy
pazpe_token,pazpe,SGo,fricative,SG,pazpe_token_raw.npy
pazpo_token,pazpo,BLo,fricative,AH,pazpo_token_raw.npy
pazpo_token,pazpo,SGo,fricative,SG,pazpo_token_raw.npy
pazta_token,pazta,BLo,fricative,AH,pazta_token_raw.npy
pazta_token,pazta,SGo,fricative,SG,pazta_token_raw.npy
pazte_token,pazte,BLo,fricative,AH,pazte_token_raw.npy
pazte_token,pazte,SGo,fricative,SG,pazte_token_raw.npy
pazto_token,pazto,BLo,fricative,AH,pazto_token_raw.npy
pazto_token,pazto,SGo,fricative,SG,pazto_token_raw.npy
pevpa_token,pevpa,BLo,fricative,AH,pevpa_token_raw.npy
pevpa_token,pevpa,SGo,fricative,SG,pevpa_token_raw.npy
pevpe_token,pevpe,BLo,fricative,AH,pevpe_token_raw.npy
pevpe_token,pevpe,SGo,fricative,SG,pevpe_token_raw.npy
pevpo_token,pevpo,BLo,fricative,AH,pevpo_token_raw.npy
pevpo_token,pevpo,SGo,fricative,SG,pevpo_token_raw.npy
pevta_token,pevta,BLo,fricative,AH,pevta_token_raw.npy
pevta_token,pevta,SGo,fricative,SG,pevta_token_raw.npy
pevte_token,pevte,BLo,fricative,AH,pevte_token_raw.npy
pevte_token,pevte,SGo,fricative,SG,pevte_token_raw.npy
pevto_token,pevto,BLo,fricative,AH,pevto_token_raw.npy
pevto_token,pevto,SGo,fricative,SG,pevto_token_raw.npy
pezpa_token,pezpa,BLo,fricative,AH,pezpa_token_raw.npy
pezpa_token,pezpa,SGo,fricative,SG,pezpa_token_raw.npy
pezpe_token,pezpe,BLo,fricative,AH,pezpe_token_raw.npy
pezpe_token,pezpe,SGo,fricative,SG,pezpe_token_raw.npy
pezpo_token,pezpo,BLo,fricative,AH,pezpo_token_raw.npy
pezpo_token,pezpo,SGo,fricative,SG,pezpo_token_raw.npy
pezta_token,pezta,BLo,fricative,AH,pezta_token_raw.npy
pezta_token,pezta,SGo,fricative,SG,pezta_token_raw.npy
pezte_token,pezte,BLo,fricative,AH,pezte_token_raw.npy
pezte_token,pezte,SGo,fricative,SG,pezte_token_raw.npy
pezto_token,pezto,BLo,fricative,AH,pezto_token_raw.npy
pezto_token,pezto,SGo,fricative,SG,pezto_token_raw.npy
povpa_token,povpa,BLo,fricative,AH,povpa_token_raw.npy
povpa_token,povpa,SGo,fricative,SG,povpa_token_raw.npy
povpe_token,povpe,BLo,fricative,AH,povpe_token_raw.npy
povpe_token,povpe,SGo,fricative,SG,povpe_token_raw.npy
povpo_token,povpo,BLo,fricative,AH,povpo_token_raw.npy
povpo_token,povpo,SGo,fricative,SG,povpo_token_raw.npy
povta_token,povta,BLo,fricative,AH,povta_token_raw.npy
povta_token,povta,SGo,fricative,SG,povta_token_raw.npy
povte_token,povte,BLo,fricative,AH,povte_token_raw.npy
povte_token,povte,SGo,fricative,SG,povte_token_raw.npy
povto_token,povto,BLo,fricative,AH,povto_token_raw.npy
povto_token,povto,SGo,fricative,SG,povto_token_raw.npy
pozpa_token,pozpa,BLo,fricative,AH,pozpa_token_raw.npy
pozpa_token,pozpa,SGo,fricative,SG,pozpa_token_raw.npy
pozpe_token,pozpe,BLo,fricative,AH,pozpe_token_raw.npy
pozpe_token,pozpe,SGo,fricative,SG,pozpe_token_raw.npy
pozpo_token,pozpo,BLo,fricative,AH,pozpo_token_raw.npy
pozpo_token,pozpo,SGo,fricative,SG,pozpo_token_raw.npy
pozta_token,pozta,BLo,fricative,AH,pozta_token_raw.npy
pozta_token,pozta,SGo,fricative,SG,pozta_token_raw.npy
pozte_token,pozte,BLo,fricative,AH,pozte_token_raw.npy
pozte_token,pozte,SGo,fricative,SG,pozte_token_raw.npy
pozto_token,pozto,BLo,fricative,AH,pozto_token_raw.npy
pozto_token,pozto,SGo,fricative,SG,pozto_token_raw.npy
tavpa_token,tavpa,BLo,fricative,AH,tavpa_token_raw.npy
tavpa_token,tavpa,SGo,fricative,SG,tavpa_token_raw.npy
tavpe_token,tavpe,BLo,fricative,AH,tavpe_token_raw.npy
tavpe_token,tavpe,SGo,fricative,SG,tavpe_token_raw.npy
tavpo_token,tavpo,BLo,fricative,AH,tavpo_token_raw.npy
tavpo_token,tavpo,SGo,fricative,SG,tavpo_token_raw.npy
tavta_token,tavta,BLo,fricative,AH,tavta_token_raw.npy
tavta_token,tavta,SGo,fricative,SG,tavta_token_raw.npy
tavte_token,tavte,BLo,fricative,AH,tavte_token_raw.npy
tavte_token,tavte,SGo,fricative,SG,tavte_token_raw.npy
tavto_token,tavto,BLo,fricative,AH,tavto_token_raw.npy
tavto_token,tavto,SGo,fricative,SG,tavto_token_raw.npy
tazpa_token,tazpa,BLo,fricative,AH,tazpa_token_raw.npy
tazpa_token,tazpa,SGo,fricative,SG,tazpa_token_raw.npy
tazpe_token,tazpe,BLo,fricative,AH,tazpe_token_raw.npy
tazpe_token,tazpe,SGo,fricative,SG,tazpe_token_raw.npy
tazpo_token,tazpo,BLo,fricative,AH,tazpo_token_raw.npy
tazpo_token,tazpo,SGo,fricative,SG,tazpo_token_raw.npy
tazta_token,tazta,BLo,fricative,AH,tazta_token_raw.npy
tazta_token,tazta,SGo,fricative,SG,tazta_token_raw.npy
tazte_token,tazte,BLo,fricative,AH,tazte_token_raw.npy
tazte_token,tazte,SGo,fricative,SG,tazte_token_raw.npy
tazto_token,tazto,BLo,fricative,AH,tazto_token_raw.npy
tazto_token,tazto,SGo,fricative,SG,tazto_token_raw.npy
tevpa_token,tevpa,BLo,fricative,AH,tevpa_token_raw.npy
tevpa_token,tevpa,SGo,fricative,SG,tevpa_token_raw.npy
tevpe_token,tevpe,BLo,fricative,AH,tevpe_token_raw.npy
tevpe_token,tevpe,SGo,fricative,SG,tevpe_token_raw.npy
tevpo_token,tevpo,BLo,fricative,AH,tevpo_token_raw.npy
tevpo_token,tevpo,SGo,fricative,SG,tevpo_token_raw.npy
tevta_token,tevta,BLo,fricative,AH,tevta_token_raw.npy
tevta_token,tevta,SGo,fricative,SG,tevta_token_raw.npy
tevte_token,tevte,BLo,fricative,AH,tevte_token_raw.npy
tevte_token,tevte,SGo,fricative,SG,tevte_token_raw.npy
tevto_token,tevto,BLo,fricative,AH,tevto_token_raw.npy
tevto_token,tevto,SGo,fricative,SG,tevto_token_raw.npy
tezpa_token,tezpa,BLo,fricative,AH,tezpa_token_raw.npy
tezpa_token,tezpa,SGo,fricative,SG,tezpa_token_raw.npy
tezpe_token,tezpe,BLo,fricative,AH,tezpe_token_raw.npy
tezpe_token,tezpe,SGo,fricative,SG,tezpe_token_raw.npy
tezpo_token,tezpo,BLo,fricative,AH,tezpo_token_raw.npy
tezpo_token,tezpo,SGo,fricative,SG,tezpo_token_raw.npy
tezta_token,tezta,BLo,fricative,AH,tezta_token_raw.npy
tezta_token,tezta,SGo,fricative,SG,tezta_token_raw.npy
tezte_token,tezte,BLo,fricative,AH,tezte_token_raw.npy
tezte_token,tezte,SGo,fricative,SG,tezte_token_raw.npy
tezto_token,tezto,BLo,fricative,AH,tezto_token_raw.npy
tezto_token,tezto,SGo,fricative,SG,tezto_token_raw.npy
tovpa_token,tovpa,BLo,fricative,AH,tovpa_token_raw.npy
tovpa_token,tovpa,SGo,fricative,SG,tovpa_token_raw.npy
tovpe_token,tovpe,BLo,fricative,AH,tovpe_token_raw.npy
tovpe_token,tovpe,SGo,fricative,SG,tovpe_token_raw.npy
tovpo_token,tovpo,BLo,fricative,AH,tovpo_token_raw.npy
tovpo_token,tovpo,SGo,fricative,SG,tovpo_token_raw.npy
tovta_token,tovta,BLo,fricative,AH,tovta_token_raw.npy
tovta_token,tovta,SGo,fricative,SG,tovta_token_raw.npy
tovte_token,tovte,BLo,fricative,AH,tovte_token_raw.npy
tovte_token,tovte,SGo,fricative,SG,tovte_token_raw.npy
tovto_token,tovto,BLo,fricative,AH,tovto_token_raw.npy
tovto_token,tovto,SGo,fricative,SG,tovto_token_raw.npy
tozpa_token,tozpa,BLo,fricative,AH,tozpa_token_raw.npy
tozpa_token,tozpa,SGo,fricative,SG,tozpa_token_raw.npy
tozpe_token,tozpe,BLo,fricative,AH,tozpe_token_raw.npy
tozpe_token,tozpe,SGo,fricative,SG,tozpe_token_raw.npy
tozpo_token,tozpo,BLo,fricative,AH,tozpo_token_raw.npy
tozpo_token,tozpo,SGo,fricative,SG,tozpo_token_raw.npy
tozta_token,tozta,BLo,fricative,AH,tozta_token_raw.npy
tozta_token,tozta,SGo,fricative,SG,tozta_token_raw.npy
tozte_token,tozte,BLo,fricative,AH,tozte_token_raw.npy
tozte_token,tozte,SGo,fricative,SG,tozte_token_raw.npy
tozto_token,tozto,BLo,fricative,AH,tozto_token_raw.npy
tozto_token,tozto,SGo,fricative,SG,tozto_token_raw.npy
mawpa_token_c,mawpa,BLn,glide,AH,mawpa_token_c_raw.npy
mawpe_token_c,mawpe,BLn,glide,AH,mawpe_token_c_raw.npy
mawpo_token_c,mawpo,BLn,glide,AH,mawpo_token_c_raw.npy
mawta_token_c,mawta,BLn,glide,AH,mawta_token_c_raw.npy
mawte_token_c,mawte,BLn,glide,AH,mawte_token_c_raw.npy
mawto_token_c,mawto,BLn,glide,AH,mawto_token_c_raw.npy
majpa_token_c,majpa,BLn,glide,AH,majpa_token_c_raw.npy
majpe_token_c,majpe,BLn,glide,AH,majpe_token_c_raw.npy
majpo_token_c,majpo,BLn,glide,AH,majpo_token_c_raw.npy
majta_token_c,majta,BLn,glide,AH,majta_token_c_raw.npy
majte_token_c,majte,BLn,glide,AH,majte_token_c_raw.npy
majto_token_c,majto,BLn,glide,AH,majto_token_c_raw.npy
mewpa_token_c,mewpa,BLn,glide,AH,mewpa_token_c_raw.npy
mewpe_token_c,mewpe,BLn,glide,AH,mewpe_token_c_raw.npy
mewpo_token_c,mewpo,BLn,glide,AH,mewpo_token_c_raw.npy
mewta_token_c,mewta,BLn,glide,AH,mewta_token_c_raw.npy
mewte_token_c,mewte,BLn,glide,AH,mewte_token_c_raw.npy
mewto_token_c,mewto,BLn,glide,AH,mewto_token_c_raw.npy
mejpa_token_c,mejpa,BLn,glide,AH,mejpa_token_c_raw.npy
mejpe_token_c,mejpe,BLn,glide,AH,mejpe_token_c_raw.npy
mejpo_token_c,mejpo,BLn,glide,AH,mejpo_token_c_raw.npy
mejta_token_c,mejta,BLn,glide,AH,mejta_token_c_raw.npy
mejte_token_c,mejte,BLn,glide,AH,mejte_token_c_raw.npy
mejto_token_c,mejto,BLn,glide,AH,mejto_token_c_raw.npy
mowpa_token_c,mowpa,BLn,glide,AH,mowpa_token_c_raw.npy
mowpe_token_c,mowpe,BLn,glide,AH,mowpe_token_c_raw.npy
mowpo_token_c,mowpo,BLn,glide,AH,mowpo_token_c_raw.npy
mowta_token_c,mowta,BLn,glide,AH,mowta_token_c_raw.npy
mowte_token_c,mowte,BLn,glide,AH,mowte_token_c_raw.npy
mowto_token_c,mowto,BLn,glide,AH,mowto_token_c_raw.npy
mojpa_token_c,mojpa,BLn,glide,AH,mojpa_token_c_raw.npy
mojpe_token_c,mojpe,BLn,glide,AH,mojpe_token_c_raw.npy
mojpo_token_c,mojpo,BLn,glide,AH,mojpo_token_c_raw.npy
mojta_token_c,mojta,BLn,glide,AH,mojta_token_c_raw.npy
mojte_token_c,mojte,BLn,glide,AH,mojte_token_c_raw.npy
mojto_token_c,mojto,BLn,glide,AH,mojto_token_c_raw.npy
nawpa_token_c,nawpa,BLn,glide,AH,nawpa_token_c_raw.npy
nawpe_token_c,nawpe,BLn,glide,AH,nawpe_token_c_raw.npy
nawpo_token_c,nawpo,BLn,glide,AH,nawpo_token_c_raw.npy
nawta_token_c,nawta,BLn,glide,AH,nawta_token_c_raw.npy
nawte_token_c,nawte,BLn,glide,AH,nawte_token_c_raw.npy
nawto_token_c,nawto,BLn,glide,AH,nawto_token_c_raw.npy
najpa_token_c,najpa,BLn,glide,AH,najpa_token_c_raw.npy
najpe_token_c,najpe,BLn,glide,AH,najpe_token_c_raw.npy
najpo_token_c,najpo,BLn,glide,AH,najpo_token_c_raw.npy
najta_token_c,najta,BLn,glide,AH,najta_token_c_raw.npy
najte_token_c,najte,BLn,glide,AH,najte_token_c_raw.npy
najto_token_c,najto,BLn,glide,AH,najto_token_c_raw.npy
newpa_token_c,newpa,BLn,glide,AH,newpa_token_c_raw.npy
newpe_token_c,newpe,BLn,glide,AH,newpe_token_c_raw.npy
newpo_token_c,newpo,BLn,glide,AH,newpo_token_c_raw.npy
newta_token_c,newta,BLn,glide,AH,newta_token_c_raw.npy
newte_token_c,newte,BLn,glide,AH,newte_token_c_raw.npy
newto_token_c,newto,BLn,glide,AH,newto_token_c_raw.npy
nejpa_token_c,nejpa,BLn,glide,AH,nejpa_token_c_raw.npy
nejpe_token_c,nejpe,BLn,glide,AH,nejpe_token_c_raw.npy
nejpo_token_c,nejpo,BLn,glide,AH,nejpo_token_c_raw.npy
nejta_token_c,nejta,BLn,glide,AH,nejta_token_c_raw.npy
nejte_token_c,nejte,BLn,glide,AH,nejte_token_c_raw.npy
nejto_token_c,nejto,BLn,glide,AH,nejto_token_c_raw.npy
nowpa_token_c,nowpa,BLn,glide,AH,nowpa_token_c_raw.npy
nowpe_token_c,nowpe,BLn,glide,AH,nowpe_token_c_raw.npy
nowpo_token_c,nowpo,BLn,glide,AH,nowpo_token_c_raw.npy
nowta_token_c,nowta,BLn,glide,AH,nowta_token_c_raw.npy
nowte_token_c,nowte,BLn,glide,AH,nowte_token_c_raw.npy
nowto_token_c,nowto,BLn,glide,AH,nowto_token_c_raw.npy
nojpa_token_c,nojpa,BLn,glide,AH,nojpa_token_c_raw.npy
nojpe_token_c,nojpe,BLn,glide,AH,nojpe_token_c_raw.npy
nojpo_token_c,nojpo,BLn,glide,AH,nojpo_token_c_raw.npy
nojta_token_c,nojta,BLn,glide,AH,nojta_token_c_raw.npy
nojte_token_c,nojte,BLn,glide,AH,nojte_token_c_raw.npy
nojto_token_c,nojto,BLn,glide,AH,nojto_token_c_raw.npy
mavpa_token_c,mavpa,BLn,fricative,AH,mavpa_token_c_raw.npy
mavpe_token_c,mavpe,BLn,fricative,AH,mavpe_token_c_raw.npy
mavpo_token_c,mavpo,BLn,fricative,AH,mavpo_token_c_raw.npy
mavta_token_c,mavta,BLn,fricative,AH,mavta_token_c_raw.npy
mavte_token_c,mavte,BLn,fricative,AH,mavte_token_c_raw.npy
mavto_token_c,mavto,BLn,fricative,AH,mavto_token_c_raw.npy
mazpa_token_c,mazpa,BLn,fricative,AH,mazpa_token_c_raw.npy
mazpe_token_c,mazpe,BLn,fricative,AH,mazpe_token_c_raw.npy
mazpo_token_c,mazpo,BLn,fricative,AH,mazpo_token_c_raw.npy
mazta_token_c,mazta,BLn,fricative,AH,mazta_token_c_raw.npy
mazte_token_c,mazte,BLn,fricative,AH,mazte_token_c_raw.npy
mazto_token_c,mazto,BLn,fricative,AH,mazto_token_c_raw.npy
mevpa_token_c,mevpa,BLn,fricative,AH,mevpa_token_c_raw.npy
mevpe_token_c,mevpe,BLn,fricative,AH,mevpe_token_c_raw.npy
mevpo_token_c,mevpo,BLn,fricative,AH,mevpo_token_c_raw.npy
mevta_token_c,mevta,BLn,fricative,AH,mevta_token_c_raw.npy
mevte_token_c,mevte,BLn,fricative,AH,mevte_token_c_raw.npy
mevto_token_c,mevto,BLn,fricative,AH,mevto_token_c_raw.npy
mezpa_token_c,mezpa,BLn,fricative,AH,mezpa_token_c_raw.npy
mezpe_token_c,mezpe,BLn,fricative,AH,mezpe_token_c_raw.npy
mezpo_token_c,mezpo,BLn,fricative,AH,mezpo_token_c_raw.npy
mezta_token_c,mezta,BLn,fricative,AH,mezta_token_c_raw.npy
mezte_token_c,mezte,BLn,fricative,AH,mezte_token_c_raw.npy
mezto_token_c,mezto,BLn,fricative,AH,mezto_token_c_raw.npy
movpa_token_c,movpa,BLn,fricative,AH,movpa_token_c_raw.npy
movpe_token_c,movpe,BLn,fricative,AH,movpe_token_c_raw.npy
movpo_token_c,movpo,BLn,fricative,AH,movpo_token_c_raw.npy
movta_token_c,movta,BLn,fricative,AH,movta_token_c_raw.npy
movte_token_c,movte,BLn,fricative,AH,movte_token_c_raw.npy
movto_token_c,movto,BLn,fricative,AH,movto_token_c_raw.npy
mozpa_token_c,mozpa,BLn,fricative,AH,mozpa_token_c_raw.npy
mozpe_token_c,mozpe,BLn,fricative,AH,mozpe_token_c_raw.npy
mozpo_token_c,mozpo,BLn,fricative,AH,mozpo_token_c_raw.npy
mozta_token_c,mozta,BLn,fricative,AH,mozta_token_c_raw.npy
mozte_token_c,mozte,BLn,fricative,AH,mozte_token_c_raw.npy
mozto_token_c,mozto,BLn,fricative,AH,mozto_token_c_raw.npy
navpa_token_c,navpa,BLn,fricative,AH,navpa_token_c_raw.npy
navpe_token_c,navpe,BLn,fricative,AH,navpe_token_c_raw.npy
navpo_token_c,navpo,BLn,fricative,AH,navpo_token_c_raw.npy
navta_token_c,navta,BLn,fricative,AH,navta_token_c_raw.npy
navte_token_c,navte,BLn,fricative,AH,navte_token_c_raw.npy
navto_token_c,navto,BLn,fricative,AH,navto_token_c_raw.npy
nazpa_token_c,nazpa,BLn,fricative,AH,nazpa_token_c_raw.npy
nazpe_token_c,nazpe,BLn,fricative,AH,nazpe_token_c_raw.npy
nazpo_token_c,nazpo,BLn,fricative,AH,nazpo_token_c_raw.npy
nazta_token_c,nazta,BLn,fricative,AH,nazta_token_c_raw.npy
nazte_token_c,nazte,BLn,fricative,AH,nazte_token_c_raw.npy
nazto_token_c,nazto,BLn,fricative,AH,nazto_token_c_raw.npy
nevpa_token_c,nevpa,BLn,fricative,AH,nevpa_token_c_raw.npy
nevpe_token_c,nevpe,BLn,fricative,AH,nevpe_token_c_raw.npy
nevpo_token_c,nevpo,BLn,fricative,AH,nevpo_token_c_raw.npy
nevta_token_c,nevta,BLn,fricative,AH,nevta_token_c_raw.npy
nevte_token_c,nevte,BLn,fricative,AH,nevte_token_c_raw.npy
nevto_token_c,nevto,BLn,fricative,AH,nevto_token_c_raw.npy
nezpa_token_c,nezpa,BLn,fricative,AH,nezpa_token_c_raw.npy
nezpe_token_c,nezpe,BLn,fricative,AH,nezpe_token_c_raw.npy
nezpo_token_c,nezpo,BLn,fricative,AH,nezpo_token_c_raw.npy
nezta_token_c,nezta,BLn,fricative,AH,nezta_token_c_raw.npy
nezte_token_c,nezte,BLn,fricative,AH,nezte_token_c_raw.npy
nezto_token_c,nezto,BLn,fricative,AH,nezto_token_c_raw.npy
novpa_token_c,novpa,BLn,fricative,AH,novpa_token_c_raw.npy
novpe_token_c,novpe,BLn,fricative,AH,novpe_token_c_raw.npy
novpo_token_c,novpo,BLn,fricative,AH,novpo_token_c_raw.npy
novta_token_c,novta,BLn,fricative,AH,novta_token_c_raw.npy
novte_token_c,novte,BLn,fricative,AH,novte_token_c_raw.npy
novto_token_c,novto,BLn,fricative,AH,novto_token_c_raw.npy
nozpa_token_c,nozpa,BLn,fricative,AH,nozpa_token_c_raw.npy
nozpe_token_c,nozpe,BLn,fricative,AH,nozpe_token_c_raw.npy
nozpo_token_c,nozpo,BLn,fricative,AH,nozpo_token_c_raw.npy
nozta_token_c,nozta,BLn,fricative,AH,nozta_token_c_raw.npy
nozte_token_c,nozte,BLn,fricative,AH,nozte_token_c_raw.npy
nozto_token_c,nozto,BLn,fricative,AH,nozto_token_c_raw.npy
