UL_1,UL_2,LL_1,LL_2,JAW_1,JAW_2,TT_1,TT_2,TF_1,TF_2,TD_1,TD_2,TR_1,TR_2,LX,JA,UY,LY,CL,CA,NA,GW,TL,TA,F0a,PIa,SPIa,HX,LX_vl,JA_vl,UY_vl,LY_vl,CL_vl,CA_vl,NA_vl,GW_vl,TL_vl,TA_vl,F0a_vl,PIa_vl,SPIa_vl,HX_vl,PRO,LA,TBCL,TBCD,VEL,GLO,TTCL,TTCD,TTCR,F0,PI,SPI,TRt,gPRO,gLA,gTBCL,gTBCD,gVEL,gGLO,gTTCL,gTTCD,gTTCR,gF0,gPI,gSPI,gTR
137.5,130.26785714285714,135.42625660935843,121.5791482334786,126.31911375221559,120.59700537633574,112.57418757105637,117.13621859233609,85.29258276520214,136.35216426120436,70.77163993726411,130.33739280342812,64.75686847948785,115.81644997549009,0.09107142857142858,1.2907963267948965,-0.009821428571428571,0.009821428571428571,0.7642857142857143,-0.21,0.0,0.0,0.31250000000000006,0.0,125,0,0,0,0,0.0,0,0,0.0,0.0,0.0,0.0,0.0,0.0,0,0,0,0,9.107142857142858,7.7588953410687775,121.67384794223769,8.654337753120089,0.0,0.0,26.16386500396164,16.31461248387526,52.41396863941799,125,0,0,0,0,0,0.0,0.0,0,0,0,0,0,0,0,0,0
137.5,130.26785714285714,135.4257533668539,121.5773982086181,126.31861050971106,120.59525535147525,112.57362849070515,117.13469034167889,85.29200239399609,136.35107619815986,70.77105956605806,130.3363047403836,64.7562881082818,115.81536191244557,0.09107142857142858,1.2907801918408115,-0.009821428571428571,0.009821428571428571,0.7642857142857143,-0.21,0.0,0.0,0.31250000000000006,0.0,125,0,0,0,0,-0.006453981633974482,0,0,0.0,0.0,0.0,0.0,0.0,0.0,0,0,0,0,9.107142857142858,7.760645365929281,121.67922776214658,8.654958956905629,0.0,0.0,26.161154566775444,16.315795351315522,52.41304417464628,125,0,0,0,0,0,0.24999999999999994,0.24999999999999994,1,0,1,1,0,0,0,0,0
137.5,130.26785714285714,135.4325277150931,121.60096491517693,126.32538485795025,120.61882205803407,112.91214700981189,117.73870643128734,85.28688826594394,136.34441788485017,70.76594543800591,130.32964642707392,64.75117398022965,115.8087035991359,0.09107142857142858,1.2909974668881414,-0.009821428571428571,0.009821428571428571,0.7642719322229431,-0.21032563584910044,0.006316546816697179,0.0,0.31161425897034123,0.022174812557721628,125,0,0,0,0,0.09336400056594064,0,0,-0.005512825108517974,-0.13025433964017963,2.5266187266788744,0.0,-0.35429641186353705,8.869925023088669,0,0,0,0,9.107142857142858,7.737078659370466,121.71887707125109,8.657936724531378,0.006316546816697179,0.0,27.08903211543959,15.742368115165247,53.69247863884953,125,0,0,0,0,0,0.7500000000000001,0.7500000000000001,1,0,1,1,0,0,0,0,0
137.5,130.26785714285714,135.446280019432,121.64886606898463,126.33913716228916,120.66672321184177,113.68403865960724,119.28147513808099,85.24746062298992,136.30209991844546,70.72651779505189,130.28732846066922,64.71174633727563,115.76638563273117,0.09107142857142858,1.2914390534366968,-0.009821428571428571,0.009821428571428571,0.764123482507471,-0.2114987279609723,0.0218916507162884,0.0,0.3093480844486383,0.07939334101081943,125,0,0,0,0,0.08327061885619981,0,0,-0.0538670610803161,-0.338982505108559,3.7034228331576156,0.0,-0.5521733968176246,14.017486358150457,0,0,0,0,9.107142857142858,7.6891775055627605,122.00107135247775,8.67306744968182,0.0218916507162884,0.0,29.370701184658945,14.332069644905499,56.95805504577743,125,0,0,0,0,0,1.0,1.0,1,0,1,1,0,0,0,0,0
137.5,130.26785714285714,135.45236205158955,121.67007608843316,126.34521919444668,120.6879332312903,114.51270917063289,121.32297190165303,85.13238934065525,136.18135098672934,70.61144651271722,130.1665795289531,64.59667505494096,115.64563670101505,0.09107142857142858,1.2916345644518168,-0.009821428571428571,0.009821428571428571,0.7636795137520338,-0.21379897791157737,0.04138005512923871,0.0,0.30639194946560216,0.15727034232073508,125,0,0,0,0,-0.005066212808220796,0,0,-0.12372044109453254,-0.5811174751334657,4.091938932022509,0.0,-0.6302805963968307,17.133314165815804,0,0,0,0,9.107142857142858,7.667967486114224,122.82131517791616,8.713330278438953,0.04138005512923871,0.0,32.239428631050046,12.574189985597844,61.31732033705351,125,0,0,0,0,0,1.0,1.0,1,0,1,1,0,0,0,0,0
137.5,130.26785714285714,135.44518646154842,121.6450541370209,126.33804360440556,120.66291127987805,115.20485483085714,123.58794756296814,84.94170247748865,135.97733580084702,70.42075964955062,129.96256434307077,64.40598819177436,115.44162151513274,0.09107142857142858,1.2914039144147695,-0.009821428571428571,0.009821428571428571,0.7629699351070374,-0.21710666814498847,0.061707319213429715,0.0,0.3033488018574288,0.24609797363708907,125,0,0,0,0,-0.08719380201069524,0,0,-0.16011101690402801,-0.7419586182309764,4.038966701653894,0.0,-0.586978446872512,18.39773836072579,0,0,0,0,9.107142857142858,7.692989437526482,124.20422066903798,8.77815270850677,0.061707319213429715,0.0,35.26934357687256,10.739676478664089,66.21141518203008,125,0,0,0,0,0,1.0,1.0,1,0,1,1,0,0,0,0,0
137.5,130.26785714285714,135.42582349606369,121.57764207643766,126.31868063892082,120.5954992192948,115.69782857109396,125.88213668312778,84.70328317943301,135.70967359758265,70.18234035149499,129.6949021398064,64.16756889371872,115.17395931186837,0.09107142857142858,1.2907824402682575,-0.009821428571428571,0.009821428571428571,0.7621566163363169,-0.2210632006722011,0.08119429843746997,0.0,0.3007426188805439,0.3381098321890145,125,0,0,0,0,-0.16139585659414446,0,0,-0.16521649138414884,-0.840654392654073,3.7558249879622094,0.0,-0.4554947438814494,18.40700506004439,0,0,0,0,9.107142857142858,7.7604014981097365,125.99255594459896,8.860067907290198,0.08119429843746997,0.0,38.204210489308075,8.972026543739775,71.238931692873,125,0,0,0,0,0,1.0,1.0,1,0,1,1,0,0,0,0,0
137.5,130.26785714285714,135.39548424136456,121.47233222540663,126.2883413842217,120.49018936826377,115.99816954085162,128.07457900635035,84.44039700308726,135.39366014445784,69.91945417514923,129.3788886866816,63.904682717372964,114.85794585874356,0.09107142857142858,1.289811362632854,-0.009821428571428571,0.009821428571428571,0.7613796565222504,-0.22539104582431535,0.09900592338119199,0.0,0.2989042641311524,0.4280537559449763,125,0,0,0,0,-0.2270351975672945,0,0,-0.1455674342424865,-0.8904836681916275,3.3688249895265923,0.0,-0.2798471558751382,17.57056444234031,0,0,0,0,9.107142857142858,7.8657113491407635,128.05959904603168,8.954071790453282,0.09900592338119199,0.0,40.902747588139775,7.344217163604178,76.13726626532407,125,0,0,0,0,0,1.0,1.0,1,0,1,1,0,0,0,0,0
137.5,130.26785714285714,135.35546612934078,121.3340107013455,126.24832327219792,120.35186784420264,116.14228726524311,130.08607222553206,84.17123478723165,135.0421111694844,69.65029195929363,129.02733971170815,63.63552050151736,114.50639688377012,0.09107142857142858,1.2885354656892694,-0.009821428571428571,0.009821428571428571,0.7607434715110715,-0.22987243102937616,0.1148063270593534,0.0,0.2979549354368572,0.5124850259607916,125,0,0,0,0,-0.28332357986659984,0,0,-0.10890657022909295,-0.9020704138326916,2.9513364817379673,0.0,-0.09988432184294777,16.201943563985804,0,0,0,0,9.107142857142858,8.004032873201893,130.3044389331466,9.056539168755101,0.1148063270593534,0.0,43.299463647331855,5.888827732754104,80.73841897793615,125,0,0,0,0,0,1.0,1.0,1,0,1,1,0,0,0,0,0
137.5,130.26785714285714,135.30719893389048,121.16804940662652,126.20005607674763,120.18590654948366,116.17334134421489,131.87746508377705,83.90917969883036,134.66622289540396,69.38823687089233,128.6514514376277,63.373465413116065,114.13050860968967,0.09107142857142858,1.2870039921725882,-0.009821428571428571,0.009821428571428571,0.760314808841664,-0.2343395503369412,0.12854489978240333,0.0,0.2978480440762192,0.5893650908392057,125,0,0,0,0,-0.32926582680588806,0,0,-0.06255849753389109,-0.8847773091933316,2.5440926074820056,0.0,0.057127777587746564,14.55008238737986,0,0,0,0,9.107142857142858,8.169994167920875,132.64755984713912,9.164629020631821,0.12854489978240333,0.0,45.37748264063407,4.614921014164502,84.9455439383918,125,0,0,0,0,0,1.0,1.0,1,0,1,1,0,0,0,0,0
137.5,130.26785714285714,135.25226373760177,120.9803043981212,126.14512088045892,119.99816154097834,116.12996251908399,133.43813220091968,83.66339683646288,134.27587586920055,69.14245400852485,128.2611044114243,63.12768255074859,113.74016158348627,0.09107142857142858,1.2852706755581087,-0.009821428571428571,0.009821428571428571,0.7601267751637738,-0.23866892174226736,0.14032510919060753,0.0,0.298435718404991,0.6577532296096045,125,0,0,0,0,-0.36406081898587345,0,0,-0.012654973622185456,-0.8469712529371365,2.167991155799672,0.0,0.17794195392097784,12.805173120779603,0,0,0,0,9.107142857142858,8.357739176426183,135.0270341232035,9.275981681258926,0.14032510919060753,0.0,47.149106752420145,3.517710947792041,88.71631849017162,125,0,0,0,0,0,1.0,1.0,1,0,1,1,0,0,0,0,0
137.5,130.26785714285714,135.1923460091122,120.77689500201262,126.08520315196937,119.79475214486976,116.04230423698327,134.77590928413602,83.4395480799545,133.87968049507987,68.91860525201648,127.86490903730362,62.903833794240214,113.34396620936559,0.09107142857142858,1.283391744668315,-0.009821428571428571,0.009821428571428571,0.76018549512435,-0.24277589496545957,0.15032538314225685,0.0,0.29953140936274864,0.7175162396991612,125,0,0,0,0,-0.3875115369316232,0,0,0.03614295785267094,-0.7958180363397389,1.83211842486005,0.0,0.2603344291820828,11.100030915043117,0,0,0,0,9.107142857142858,8.561148572534776,137.39533703987223,9.388578446127848,0.15032538314225685,0.0,48.64217084884111,2.5844480128918326,92.0479044678146,125,0,0,0,0,0,1.0,1.0,1,0,1,1,0,0,0,0,0
137.5,130.26785714285714,135.12913798456302,120.56382902172544,126.02199512742015,119.58168616458258,115.93192185474355,135.90915960323798,83.24052549069175,133.48494451963637,68.71958266275372,127.47017306186012,62.70481120497746,112.9492302339221,0.09107142857142858,1.281422494299561,-0.009821428571428571,0.009821428571428571,0.76047743017858,-0.2466081447057176,0.15875252756785552,0.0,0.3009539558141411,0.7690567519398873,125,0,0,0,0,-0.40018861057000277,0,0,0.0806310638393681,-0.7370818597634765,1.5387393453794163,0.0,0.3086841513748971,9.5161739812473,0,0,0,0,9.107142857142858,8.774214552821958,139.71669943892059,9.500684274947691,0.15875252756785552,0.0,49.89092422994392,1.7982837962507603,94.96306393453325,125,0,0,0,0,0,1.0,1.0,1,0,1,1,0,0,0,0,0
137.5,130.26785714285714,135.06422901397272,120.34661483966946,125.95708615682986,119.3644719825266,115.81322756939302,136.86107137789665,83.06714016062483,133.0976558024767,68.5461973326868,127.08288434470045,62.53142587491054,112.56194151676242,0.09107142857142858,1.279413715122703,-0.009821428571428571,0.009821428571428571,0.7609762216094862,-0.2501386426300106,0.16581529535889952,0.0,0.3025510246033565,0.8130841083918693,125,0,0,0,0,-0.4033230601731291,0,0,0.11888550852307497,-0.6751173099537349,1.2863677710381844,0.0,0.33014336431126706,8.094768599545503,0,0,0,0,9.107142857142858,8.991428734877926,141.9649010103865,9.61082750098109,0.16581529535889952,0.0,50.93039686739442,1.140894300862716,97.49858339798219,125,0,0,0,0,0,1.0,1.0,1,0,1,1,0,0,0,0,0
137.5,130.26785714285714,134.99901764456285,120.12997438936488,125.89187478742,119.14783153222201,115.69529372359337,137.65593011515705,82.91872922145633,132.72251681287324,68.3977863935183,126.70774535509698,62.38301493574204,112.18680252715895,0.09107142857142858,1.277409035609596,-0.009821428571428571,0.009821428571428571,0.7616484643654757,-0.25335901088965634,0.17171028323476953,0.0,0.3042067438453348,0.8504434840416785,125,0,0,0,0,-0.39854874506963994,0,0,0.15001159387272847,-0.6130299939045551,1.0716273793098203,0.0,0.33214433248007175,6.848981660378184,0,0,0,0,9.107142857142858,9.20806918518251,144.12142266219917,9.717791468799458,0.17171028323476953,0.0,51.79330182305883,0.5941999119638053,99.69681296639715,125,0,0,0,0,0,1.0,1.0,1,0,1,1,0,0,0,0,0
137.5,130.26785714285714,134.9346610638155,119.9177012717018,125.82751820667264,118.93555841455894,115.5834577585673,138.31693452591884,82.79366234621156,132.3630340881393,68.27271951827353,126.34826263036305,62.25794806049727,111.82731980242502,0.09107142857142858,1.2754435908846773,-0.009821428571428571,0.009821428571428571,0.7624581859378494,-0.25627386851171513,0.17661524005232188,0.0,0.3058399687435613,0.8820028333484982,125,0,0,0,0,-0.38762914489779116,0,0,0.173877035076761,-0.5529130549189616,0.8903553477111175,0.0,0.3211456268105211,5.774758062349699,0,0,0,0,9.107142857142858,9.420342302845587,146.173896683959,9.820605882622646,0.17661524005232188,0.0,52.50863568390833,0.1413888622391446,101.60026225472909,125,0,0,0,0,0,1.0,1.0,1,0,1,1,0,0,0,0,0
137.5,130.26785714285714,134.8720611169451,119.7126502681942,125.76491825980226,118.73050741105133,115.48056362182466,138.86509545404388,82.68974333044994,132.02164964704303,68.16880050251191,126.00687818926679,62.15402904473565,111.48593536132876,0.09107142857142858,1.273543899404766,-0.009821428571428571,0.009821428571428571,0.7633700456191485,-0.25889636560008233,0.18068671791812968,0.0,0.3073983681803718,0.9085866915355033,125,0,0,0,0,-0.3722474470666922,0,0,0.19086683744286162,-0.49608578042792184,0.7382357986120047,0.0,0.30221414791367807,4.858785212452361,0,0,0,0,9.107142857142858,9.625393306353192,148.1148098026829,9.918533154706877,0.18068671791812968,0.0,53.101305861249884,-0.2325721041664619,103.2486216142276,125,0,0,0,0,0,1.0,1.0,1,0,1,1,0,0,0,0,0
137.5,130.26785714285714,134.81187753539928,119.51681757619056,125.70473467825643,118.5346747190477,115.38785086418486,139.31882324841425,82.6045126052601,131.6998961483087,68.08356977732207,125.68512469053246,62.068798319545806,111.16418186259443,0.09107142857142858,1.2717285782774659,-0.009821428571428571,0.009821428571428571,0.7643514103932815,-0.2612448276205821,0.18406016869884617,0.0,0.3088515437842299,0.9309429546757565,125,0,0,0,0,-0.35388100385336296,0,0,0.20167907221035136,-0.4432990277719945,0.6111445136745957,0.0,0.27905609362955647,4.0837200436489045,0,0,0,0,9.107142857142858,9.82122599835683,149.94042486976755,10.011049099855507,0.18406016869884617,0.0,53.59230698048594,-0.5407724170128692,104.67743260634118,125,0,0,0,0,0,1.0,1.0,1,0,1,1,0,0,0,0,0
137.5,130.26785714285714,134.7545572567002,119.33146896036797,125.64741439955735,118.34932610322511,115.30556263017539,139.6939118459976,82.53546292338582,131.39855868172518,68.01452009544779,125.38378722394893,61.99974863767153,110.8628443960109,0.09107142857142858,1.2700095056870946,-0.009821428571428571,0.009821428571428571,0.765373527540701,-0.2633403224746778,0.18685132787476239,0.0,0.31018477077919976,0.9497305201679891,125,0,0,0,0,-0.3337480322951821,0,0,0.20716778675746095,-0.3948989138662855,0.505319156691892,0.0,0.2542347043583778,3.431306153244132,0,0,0,0,9.107142857142858,10.00657461417942,151.64989285001167,10.097819228379995,0.18685132787476239,0.0,53.9991429023723,-0.7944016145238653,105.91774744651043,125,0,0,0,0,0,1.0,1.0,1,0,0,0,0,0,0,0,0
137.5,130.26785714285714,134.70074734232088,119.15849044622844,125.59360448517803,118.17634758908558,115.24613446552924,139.9565082873072,82.48018345502663,131.11783004813114,67.9592406270886,125.10305859035489,61.94446916931234,110.58211576241686,0.09107142857142858,1.2684043361152828,-0.009821428571428571,0.009821428571428571,0.7664120241348522,-0.2652161602194935,0.1891581918933516,0.0,0.31138064419234307,0.963934381409545,125,0,0,0,0,-0.3083197964295057,0,0,0.20823085090302862,-0.3554361840600009,0.4174264507437916,0.0,0.224114660898955,2.2502383433782533,0,0,0,0,9.107142857142858,10.179553128318952,153.244529844441,10.178672531135296,0.1891581918933516,0.0,54.283291108806,-0.9720164178743995,106.90616590061182,125,0,0,0,0,0,1.0,1.0,1,0,1,1,0,0,0,0,0
137.5,130.26785714285714,134.648658748082,118.99197080073793,125.54151589093915,118.00982794359507,115.5519163137737,139.38396931700456,82.43644793247914,130.8574510196685,67.91550510454111,124.84267956189224,61.90073364676485,110.32173673395421,0.09107142857142858,1.26685834254799,-0.009821428571428571,0.009821428571428571,0.767446941385932,-0.2668373193482446,0.1910631845410587,0.0,0.31355375535904173,0.9485090757104094,125,0,0,0,0,-0.3100776304876419,0,0,0.20573604952886929,-0.2930274674404329,0.3445706083390541,0.0,0.6451298057804993,-8.420360623032494,0,0,0,0,9.107142857142858,10.346072773809462,154.72723574333293,10.253574611086503,0.1910631845410587,0.0,53.464061404318734,-0.6894518722424081,106.19942990982405,125,0,0,0,0,0,1.0,1.0,1,0,1,1,0,0,0,0,0
137.5,130.26785714285714,134.59714576324276,118.8281734148202,125.4900029060999,117.84603055767734,116.29961795798573,137.67557308452768,82.40226125072266,130.61683126675672,67.88131842278463,124.60205980898046,61.86654696500837,110.08111698104243,0.09107142857142858,1.2653368911344094,-0.009821428571428571,0.009821428571428571,0.7684624743464106,-0.2681910651443244,0.19263528645222652,0.0,0.3170947547629785,0.8945404333887552,125,0,0,0,0,-0.29850293494460434,0,0,0.20047713466257297,-0.24847085099147354,0.284270156128076,0.0,0.7712699557942159,-13.167096305629194,0,0,0,0,9.107142857142858,10.50987015972719,156.10203221417618,10.322601678705162,0.19263528645222652,0.0,51.13512584665637,0.20560306269999384,103.28075390562124,125,0,0,0,0,0,1.0,1.0,1,0,1,1,0,0,0,0,0
137.5,130.26785714285714,134.5479855497802,118.67266358740457,125.44084269263735,117.69052073026171,117.09402077757161,135.46863216589946,82.37587671972143,130.39514969166493,67.8549338917834,124.38037823388868,61.84016243400714,109.85943540595065,0.09107142857142858,1.2638917439725499,-0.009821428571428571,0.009821428571428571,0.7694465465471894,-0.26935188399242976,0.19393201060879656,0.0,0.3209411669049295,0.8257951263233195,125,0,0,0,0,-0.2795559297992092,0,0,0.19315174564893586,-0.21585668825067106,0.23441950649994064,0.0,0.7672949009861939,-14.331026520545088,0,0,0,0,9.107142857142858,10.665379987142831,157.37370007535145,10.385916480554979,0.19393201060879656,0.0,48.16309689176511,1.3739499891806894,99.51173377989772,125,0,0,0,0,0,1.0,1.0,1,0,1,1,0,0,0,0,0
137.5,130.26785714285714,134.5020786646459,118.52814655349883,125.39493580750303,117.54600369635597,117.747940903906,133.15997880296072,82.35579365391528,130.19143487850243,67.83485082597726,124.17666342072619,61.82007936820099,109.65572059278816,0.09107142857142858,1.262548158910046,-0.009821428571428571,0.009821428571428571,0.7703903116712975,-0.27036761953413907,0.19500117159686872,0.0,0.32458002142657616,0.7557336844629282,125,0,0,0,0,-0.2578780952023191,0,0,0.18435430399428926,-0.19043752843305028,0.19324488872892032,0.0,0.6882469076724721,-13.693550223611453,0,0,0,0,9.107142857142858,10.809897021048565,158.5474990121694,10.443746779557383,0.19500117159686872,0.0,45.05676151682072,2.603278005596543,95.66277753911218,125,0,0,0,0,0,1.0,1.0,1,0,1,1,0,0,0,0,0
137.5,130.26785714285714,134.45971137128743,118.39536586425521,125.35256851414458,117.41322300711235,118.20949898695588,130.9665400645915,82.3407427835038,130.00462775951706,67.81979995556577,123.9898563017408,61.80502849778951,109.46891347380277,0.09107142857142858,1.2613131806752649,-0.009821428571428571,0.009821428571428571,0.7712876435168641,-0.27126711947613463,0.19588243401958857,0.0,0.3277311711896904,0.6907362588999564,125,0,0,0,0,-0.2361131987101406,0,0,0.17457843423234612,-0.16936244836518338,0.1592600803590207,0.0,0.5722129975732366,-12.305420001577286,0,0,0,0,9.107142857142858,10.942677710292187,159.62895352108922,10.49636669385024,0.19588243401958857,0.0,42.088298383510214,3.7815547365438738,92.09827204202466,125,0,0,0,0,0,1.0,1.0,1,0,1,1,0,0,0,0,0
137.5,130.26785714285714,134.4208340119546,118.27401824620343,125.31369115481176,117.29187538906056,118.49311779797875,128.98957530034397,82.3296649568661,129.83362916256104,67.80872212892807,123.81885770478479,61.793950671151805,109.29791487684676,0.09107142857142858,1.260184113535958,-0.009821428571428571,0.009821428571428571,0.7721346517614314,-0.27206830566348045,0.1966086462934278,0.0,0.33028419553456223,0.6332063256109925,125,0,0,0,0,-0.21551365701264275,0,0,0.1642248635945501,-0.15111202657313913,0.13122482917667458,0.0,0.4489967403754816,-10.70655331400826,0,0,0,0,9.107142857142858,11.064025328343963,160.6236910911471,10.544080963186902,0.1966086462934278,0.0,39.3861347616223,4.857494539663526,88.95477327639534,125,0,0,0,0,0,1.0,1.0,1,0,0,0,0,0,0,0,0
137.5,130.26785714285714,134.3852005390708,118.16320785863786,125.27805768192795,117.181065001495,118.643581237515,127.20300165615191,82.32168686976605,129.67733487535295,67.80074404182803,123.66256341757669,61.78597258405176,109.14162058963866,0.09107142857142858,1.2591527314995874,-0.009821428571428571,0.009821428571428571,0.7729292439748358,-0.27278215961514113,0.1972069766778849,0.0,0.33235301815543117,0.5817872227769972,125,0,0,0,0,-0.19703915753560902,0,0,0.15361202176722424,-0.13442955409114357,0.10810732460615768,0.0,0.37853230797208665,-9.861087819589859,0,0,0,0,9.107142857142858,11.17483571590952,161.53732173082602,10.587212010021474,0.1972069766778849,0.0,36.909657225315314,5.843329366106992,86.15354183548249,125,0,0,0,0,0,1.0,1.0,1,0,0,0,0,0,0,0,0
137.5,130.26785714285714,134.36695946313444,118.10663435029096,125.25981660599159,117.1244914931481,118.7066474890762,125.59124823604711,82.33392510149491,129.56153223818066,67.81298227355688,123.54676078040441,61.79821081578062,109.02581795246638,0.09107142857142858,1.258626034153037,-0.009821428571428571,0.009821428571428571,0.7736707428238256,-0.2734165595476675,0.19769987294307423,0.0,0.33408757197643213,0.5344313338372072,125,0,0,0,0,-0.013639781084537755,0,0,0.14298751782874672,-0.11933041891941165,0.08905118146957987,0.0,0.3152892204282868,-9.08126775632616,0,0,0,0,9.107142857142858,11.231409224256433,162.1856399422602,10.634893987947136,0.19769987294307423,0.0,34.62447570260826,6.734591382414756,83.60040342953715,125,0,0,0,0,0,1.0,1.0,1,0,0,0,0,0,0,0,0
137.5,130.26785714285714,134.3673894592762,118.10796678209057,125.26024660213335,117.12582392494771,118.70197228265722,124.15182760621063,82.365892351067,129.48641394565723,67.84494952312897,123.47164248788098,61.83017806535271,108.95069965994296,0.09107142857142858,1.2586384400744712,-0.009821428571428571,0.009821428571428571,0.7743524545876963,-0.2740092534777733,0.19810586813661993,0.0,0.3355223548896307,0.4908230342935281,125,0,0,0,0,0.018602149658178947,0,0,0.1296971877195321,-0.11774715312288449,0.07334689594869534,0.0,0.25862394485115026,-8.362052061145494,0,0,0,0,9.107142857142858,11.230076792456822,162.56550664967045,10.688105074355708,0.19810586813661993,0.0,32.538263776157414,7.534787335353826,81.27752796785686,125,0,0,0,0,0,1.0,1.0,1,0,0,0,0,0,0,0,0
137.5,130.26785714285714,134.3709415087866,118.11897570464669,125.26379865164373,117.13683284750383,118.63239450018949,122.83204818036401,82.39653159483034,129.42085518021977,67.8755887668923,123.40608372244353,61.860817309116044,108.8851408945055,0.09107142857142858,1.2587409393516928,-0.009821428571428571,0.009821428571428571,0.774970444335062,-0.2745977851404229,0.19844025405153318,0.0,0.3366887811983394,0.45067094428433974,125,0,0,0,0,0.022397561230423958,0,0,0.11749871122676536,-0.11766551193695547,0.0604074700166059,0.0,0.20794657863230764,-7.698783942529847,0,0,0,0,9.107142857142858,11.219067869900707,162.89560103923458,10.736825428179225,0.19844025405153318,0.0,30.595397549587823,8.285030697345213,79.14148420298164,125,0,0,0,0,0,1.0,1.0,1,0,0,0,0,0,0,0,0
137.5,130.26785714285714,134.37470697523494,118.13065029208789,125.26756411809208,117.14850743494503,118.5093519476377,121.61819998759856,82.42265167310691,129.35898427629886,67.90170884516888,123.3442128185226,61.88693738739262,108.82326999058458,0.09107142857142858,1.2588496326417211,-0.009821428571428571,0.009821428571428571,0.7755305634516577,-0.27518442862882003,0.19871564217753399,0.0,0.3376154390068495,0.41370608009220283,125,0,0,0,0,0.02107975478084391,0,0,0.10654893541152702,-0.11699188342191535,0.04974778038371658,0.0,0.16271654477172265,-7.087161734324919,0,0,0,0,9.107142857142858,11.207393282459504,163.21533574264166,10.77984374504209,0.19871564217753399,0.0,28.780010497508957,8.993151064343024,77.17355538837471,125,0,0,0,0,0,1.0,1.0,1,0,0,0,0,0,0,0,0
137.5,130.26785714285714,134.3781797112731,118.1414211396889,125.27103685413026,117.15927828254604,118.34426319110194,120.50335123046607,82.4442771185547,129.299758280167,67.92333429061667,123.28498682239075,61.9085628328404,108.76404399445272,0.09107142857142858,1.2589499085120672,-0.009821428571428571,0.009821428571428571,0.7760387894140123,-0.27576570709710135,0.19894242970647322,0.0,0.3383283269310694,0.37968014587474697,125,0,0,0,0,0.01903059335761403,0,0,0.0967414495302874,-0.11551950389060643,0.04096723119197121,0.0,0.12243862491624491,-6.523211952657439,0,0,0,0,9.107142857142858,11.196622434858483,163.53017832580363,10.817512263160395,0.19894242970647322,0.0,27.084447634826766,9.661262584174146,75.36021237589743,125,0,0,0,0,0,1.0,1.0,1,0,0,0,0,0,0,0,0
137.5,130.26785714285714,134.38130304418448,118.15111145777321,125.27416018704163,117.16896860063035,118.14707247483732,119.48153258392408,82.46194874900024,129.24301763020551,67.94100592106221,123.22824617242927,61.92623446328595,108.70730334449124,0.09107142857142858,1.2590401219549827,-0.009821428571428571,0.009821428571428571,0.7765005108527268,-0.2763379118213697,0.19912918588276787,0.0,0.33885107175336504,0.3483639550185412,125,0,0,0,0,0.017054783808577275,0,0,0.08794712595550837,-0.1133623858167158,0.03373523932589375,0.0,0.08665930400201191,-6.003264389824862,0,0,0,0,9.107142857142858,11.186932116774178,163.83954366932466,10.850411997008768,0.19912918588276787,0.0,25.502820186544266,10.29070815570895,73.68961266902079,125,0,0,0,0,0,1.0,1.0,1,0,0,0,0,0,0,0,0
137.5,130.26785714285714,134.38410110709782,118.15979515071837,125.27695824995496,117.1776522935755,117.92615029582359,118.54681842447852,82.47622812172963,129.18874526360548,67.9552852937916,123.17397380582923,61.94051383601534,108.6530309778912,0.09107142857142858,1.259120961844776,-0.009821428571428571,0.009821428571428571,0.7769204946302354,-0.276897986420526,0.19928297181808471,0.0,0.3392051285193432,0.3195459713151536,125,0,0,0,0,0.015281172108769555,0,0,0.08004638504794481,-0.11066745384581433,0.027779134800837615,0.0,0.054963402389260306,-5.523929091530173,0,0,0,0,9.107142857142858,11.178248423829018,164.1420364670877,10.879105555592055,0.19928297181808471,0.0,24.029694057779537,10.882891767876995,72.15089918790147,125,0,0,0,0,0,1.0,1.0,1,0,0,0,0,0,0,0,0
137.5,130.26785714285714,134.38660932455005,118.16758136289846,125.27946646740719,117.1854385057556,117.68844724001937,117.69328474943437,82.48761449556936,129.13693113728826,67.96667166763133,123.12215967951201,61.95190020985507,108.60121685157398,0.09107142857142858,1.2591934449452777,-0.009821428571428571,0.009821428571428571,0.7773029449863627,-0.27744356845296686,0.19940960491216334,0.0,0.33940996445838,0.2930309608978245,125,0,0,0,0,0.013712068091863282,0,0,0.07293375740297114,-0.10756535913052709,0.022874102830613377,0.0,0.026970973225471033,-5.08207507540148,0,0,0,0,9.107142857142858,11.17046221164893,164.43639872105123,10.904096938608888,0.19940960491216334,0.0,22.65981595986195,11.439366318640742,70.73402327791946,125,0,0,0,0,0,1.0,1.0,1,0,0,0,0,0,0,0,0
137.5,130.26785714285714,134.38886156296024,118.17457459248439,125.28171870581738,117.19243173534153,117.43968206548504,116.91509693957015,82.49653852985287,129.08755050407444,67.97559570191484,123.0727790462982,61.96082424413858,108.55183621836017,0.09107142857142858,1.259258544600903,-0.009821428571428571,0.009821428571428571,0.7776515727288158,-0.27797289458767627,0.1995138772720157,0.0,0.3394832280026425,0.2686387465607379,125,0,0,0,0,0.012327794158240271,0,0,0.06651733957828378,-0.10416509475324585,0.018834841110332207,0.0,0.0023344444795319608,-4.674810659433166,0,0,0,0,9.107142857142858,11.163468982062996,164.72164606870152,10.925830517004298,0.1995138772720157,0.0,21.388052898345418,11.961796329066276,69.42966982316253,125,0,0,0,0,0,1.0,1.0,1,0,0,0,0,0,0,0,0
137.5,130.26785714285714,134.39088806110973,118.18086822946813,125.28374520396689,117.19872537232527,117.18451982865982,116.20659387703604,82.50336931072499,129.04056311723275,67.98242648278696,123.02579165945649,61.9676550250107,108.50484883151846,0.09107142857142858,1.2593171306141127,-0.009821428571428571,0.009821428571428571,0.7779696593795947,-0.2784846977245779,0.1995997360030317,0.0,0.33944090408050737,0.2462030567149601,125,0,0,0,0,0.011106611125583428,0,0,0.06071732073330378,-0.10055616000741782,0.015508651296079083,0.0,-0.019264013333590693,-4.299465278877945,0,0,0,0,9.107142857142858,11.157175345079262,164.99705466383634,10.944696847515267,0.1995997360030317,0.0,20.209378696655456,12.451908745537848,68.22920431711906,125,0,0,0,0,0,1.0,1.0,1,0,0,0,0,0,0,0,0
137.5,130.26785714285714,134.39271540393545,118.18654443941092,125.28557254679261,117.20440158226806,116.92673148545346,115.56234939577635,82.50842277451248,128.9959158561966,67.98747994657445,122.98114439842035,61.97270848879819,108.46020157048233,0.09107142857142858,1.2593699681938302,-0.009821428571428571,0.009821428571428571,0.7782601137789221,-0.2789781171109757,0.1996704319449,0.0,0.3392974567690197,0.22557046181959597,125,0,0,0,0,0.010028420761390159,0,0,0.055464438997635264,-0.09681159455170035,0.01276972545124061,0.0,-0.03811491126147622,-3.9535726792677015,0,0,0,0,9.107142857142858,11.151499135136472,165.2621244687845,10.961039099433389,0.1996704319449,0.0,19.118873200026506,12.911451126414974,67.12462639380567,125,0,0,0,0,0,1.0,1.0,1,0,0,0,0,0,0,0,0
137.5,130.26785714285714,134.39436686277134,118.19167519187619,125.28722400562849,117.20953233473332,116.66933409157588,114.97721256674679,82.51196938553817,128.9535455346151,67.99102655760014,122.93877407683885,61.976255099823874,108.41783124890082,0.09107142857142858,1.2594177275536458,-0.009821428571428571,0.009821428571428571,0.7785255212587203,-0.27945262290683015,0.19972864232213644,0.0,0.33906596030578035,0.20659939166717345,125,0,0,0,0,0.009075323164809718,0,0,0.05069855292165409,-0.09299072379008418,0.01051442544333854,0.0,-0.05448367403426642,-3.634855381701308,0,0,0,0,9.107142857142858,11.146368382671213,165.51654260657813,10.975158948503472,0.19972864232213644,0.0,18.111726347490755,13.342159166284539,66.10852669440244,125,0,0,0,0,0,1.0,1.0,1,0,0,0,0,0,0,0,0
137.5,130.26785714285714,134.39586277655735,118.19632342231267,125.28871991941449,117.21418056516981,116.41471261147242,114.44633121117836,82.51424078780603,128.91338135243592,67.993297959868,122.89860989465966,61.97852650209174,108.37766706672163,0.09107142857142858,1.25946099474682,-0.009821428571428571,0.009821428571428571,0.7787681860593476,-0.2799079534117478,0.1997765718500428,0.0,0.33875821938286704,0.18915922740201618,125,0,0,0,0,0.00823155410486192,0,0,0.046367367329240364,-0.08914147817696981,0.008657385719207903,0.0,-0.06861269513104867,-3.341210324361599,0,0,0,0,9.107142857142858,11.141720152234713,165.76015084078404,10.987321782807957,0.1997765718500428,0.0,17.183244724970912,13.745732465799026,65.17404635228154,125,0,0,0,0,0,1.0,1.0,1,0,0,0,0,0,0,0,0
137.5,130.26785714285714,134.39722091018263,118.20054412793269,125.29007805303976,117.21840127078983,116.16472489648964,113.96516273640407,82.5154354958638,128.87534695465192,67.99449266792577,122.86057549687567,61.979721210149506,108.33963266893764,0.09107142857142858,1.2595002818824677,-0.009821428571428571,0.009821428571428571,0.7789901677688938,-0.28034406292433467,0.1998160360587358,0.0,0.3383848795735913,0.17312946261246476,125,0,0,0,0,0.007483300154148333,0,0,0.04242531648923378,-0.08530232685779318,0.007128297757992353,0.0,-0.08072322857925383,-3.0706955914589766,0,0,0,0,9.107142857142858,11.137499446614695,165.99291750105473,10.997761256350463,0.1998160360587358,0.0,16.328859417008026,14.123817084790858,64.31483886590031,125,0,0,0,0,0,1.0,1.0,1,0,0,0,0,0,0,0,0
137.5,130.26785714285714,134.39845677811306,118.20438535968941,125.29131392097021,117.22224250254655,115.92079155706304,113.52947563185943,82.51572374426023,128.83936214292143,67.9947809163222,122.82459068514517,61.980009458545936,108.30364785720714,0.09107142857142858,1.2595360363711205,-0.009821428571428571,0.009821428571428571,0.7791933125501661,-0.2807610784593747,0.19984852994861602,0.0,0.33795552867661066,0.15839892826509203,125,0,0,0,0,0.00681849530700261,0,0,0.038832596019655066,-0.08150388715821466,0.005869258194093942,0.0,-0.09101713021300324,-2.8215181474901105,0,0,0,0,9.107142857142858,11.133658214857972,166.21491347700126,11.00668325903002,0.19984852994861602,0.0,15.544134339243444,14.47799353592666,63.52503423603642,125,0,0,0,0,0,1.0,1.0,1,0,0,0,0,0,0,0,0
137.5,130.26785714285714,134.39958393248875,118.20788910694412,125.2924410753459,117.22574624980126,115.68397246105229,113.1353442497247,82.51525161298858,128.80534429251716,67.99430878505055,122.7905728347409,61.979537327274286,108.26963000680287,0.09107142857142858,1.259568649168705,-0.009821428571428571,0.009821428571428571,0.7793792798664907,-0.28115926384055956,0.19987528455057113,0.0,0.3374787897007367,0.14486507664414738,125,0,0,0,0,0.006226623726788338,0,0,0.03555433051019379,-0.07777026531572853,0.0048325825879490525,0.0,-0.09967846013658196,-2.592022500887741,0,0,0,0,9.107142857142858,11.13015446760327,166.42629180320446,11.014269372886076,0.19987528455057113,0.0,14.824774428629574,14.80976907093703,62.799205271000154,125,0,0,0,0,0,1.0,1.0,1,0,0,0,0,0,0,0,0
137.5,130.26785714285714,134.4006142175834,118.2110920800065,125.29347136044056,117.22894922286363,115.45503151697261,112.7791389015331,82.51414453404057,128.7732095205675,67.99320170610254,122.75843806279123,61.978430248326276,108.2374952348532,0.09107142857142858,1.259598462067793,-0.009821428571428571,0.009821428571428571,0.7795495653483577,-0.2815389899403005,0.19989731351600382,0.0,0.33696240615730955,0.13243331982477927,125,0,0,0,0,0.005698535908374736,0,0,0.032559862236630085,-0.074120174580665,0.00397900358512829,0.0,-0.10687495723427487,-2.3806802268595044,0,0,0,0,9.107142857142858,11.126951494540888,166.62727037653596,11.020679879142314,0.19989731351600382,0.0,14.16663322153677,15.120573301557746,62.13233597122668,125,0,0,0,0,0,1.0,1.0,1,0,0,0,0,0,0,0,0
137.5,130.26785714285714,134.40155799332086,118.21402639837937,125.294415136178,117.23188354123651,115.23449128336867,112.45751282497832,82.51251027085594,128.74287364422844,67.99156744291791,122.72810218645219,61.97679598514165,108.20715935851416,0.09107142857142858,1.2596257741094956,-0.009821428571428571,0.009821428571428571,0.779705520369404,-0.2819007100481561,0.19991545149047482,0.0,0.3364133202748939,0.12101641854636787,125,0,0,0,0,0.005226280772737558,0,0,0.029822146181856118,-0.0705678685615577,0.0032761862032728364,0.0,-0.1127593957319914,-2.1860802845050538,0,0,0,0,9.107142857142858,11.12401717616801,166.81811738862083,11.026056373985572,0.19991545149047482,0.0,13.5657194828871,15.41175636735047,61.519791906534856,125,0,0,0,0,0,1.0,1.0,1,0,0,0,0,0,0,0,0
137.5,130.26785714285714,134.40242433078276,118.21672019340329,125.29528147363992,117.23457733626043,115.02267880603058,112.16738719680222,82.5104414499604,128.71425296116695,67.98949862202237,122.69948150339069,61.974727164246104,108.17853867545266,0.09107142857142858,1.2596508471973147,-0.009821428571428571,0.009821428571428571,0.7798483688279549,-0.28224493952182467,0.19993038571758148,0.0,0.33583774470295347,0.11053391766462059,125,0,0,0,0,0.004802954354908295,0,0,0.027317237238540595,-0.06712392090587535,0.002697504639389425,0.0,-0.11747083304417759,-2.0069200681938555,0,0,0,0,9.107142857142858,11.1213233811441,166.99913910122848,11.03052404443864,0.19993038571758148,0.0,13.018202664199196,15.684589010231646,60.95729249913639,125,0,0,0,0,0,1.0,1.0,1,0,0,0,0,0,0,0,0
137.5,130.26785714285714,134.40322118264623,118.21919813410524,125.29607832550339,117.23705527696238,114.81976393745549,111.9059350703675,82.50801771284937,128.68726487961393,67.98707488491134,122.67249342183769,61.972303427135074,108.15155059389966,0.09107142857142858,1.259673910995185,-0.009821428571428571,0.009821428571428571,0.7799792215624913,-0.2825722390163616,0.1999426820658452,0.0,0.3352412282267765,0.10091162464985881,125,0,0,0,0,0.004422564793244507,0,0,0.02502385657600622,-0.06379587690889456,0.002221034666103425,0.0,-0.12113575742661264,-1.8419971377108568,0,0,0,0,9.107142857142858,11.118845440442149,167.1706696357602,11.034193649490037,0.1999426820658452,0.0,12.520417064609628,15.94026404158818,60.44088512466138,125,0,0,0,0,0,1.0,1.0,1,0,0,0,0,0,0,0,0
137.5,130.26785714285714,134.40395553137094,118.22148188476014,125.2968126742281,117.23933902761728,114.62579124714458,111.67056488479668,82.50530754625389,128.66182842105908,67.98436471831586,122.64705696328284,61.9695932605396,108.1261141353448,0.09107142857142858,1.259695167189135,-0.009821428571428571,0.009821428571428571,0.7800990887676108,-0.2828832007040997,0.1999528064617722,0.0,0.33462871597496663,0.09208112786592805,125,0,0,0,0,0.004079912786748822,0,0,0.02292302547177492,-0.06058879818636777,0.001828723704690072,0.0,-0.123869143297327,-1.6902015758614486,0,0,0,0,9.107142857142858,11.116561689787252,167.33306248831386,11.037163245962134,0.1999528064617722,0.0,12.068864646849514,16.179898793997964,59.966920942740245,125,0,0,0,0,0,1.0,1.0,1,0,0,0,0,0,0,0,0
137.5,130.26785714285714,134.40463351776876,118.22359050215184,125.29749066062591,117.24144764500898,114.44070649269852,111.45890401330725,82.50236984026265,128.6378646152045,67.98142701232462,122.62309315742826,61.96665555454835,108.10215032949023,0.09107142857142858,1.2597147931870754,-0.009821428571428571,0.009821428571428571,0.7802088907220038,-0.28317843699436696,0.19996114253928152,0.0,0.33400460456302355,0.08397935161103345,125,0,0,0,0,0.003770486389388577,0,0,0.02099775628542359,-0.05750571792051953,0.0015057072990373795,0.0,-0.12577542147991216,-1.5505089260963867,0,0,0,0,9.107142857142858,11.114453072395559,167.48668351854357,11.039519693475185,0.19996114253928152,0.0,11.660216520972757,16.404538237852485,59.53203236841534,125,0,0,0,0,0,1.0,1.0,1,0,0,0,0,0,0,0,0
137.5,130.26785714285714,134.40526055236825,118.22554077987903,125.2981176952254,117.24339792273616,114.26437849348926,111.26878268078448,82.4992552162749,128.61529680392053,67.97831238833687,122.60052534614428,61.96354093056061,108.07958251820625,0.09107142857142858,1.2597329453252246,-0.009821428571428571,0.009821428571428571,0.7803094670917063,-0.28345857134223384,0.1999680061730301,0.0,0.3333727925816686,0.07654814513005433,125,0,0,0,0,0.003490368870329981,0,0,0.019232791595563306,-0.05454802122624324,0.0012397462003920852,0.0,-0.12694937106208634,-1.4219736662952653,0,0,0,0,9.107142857142858,11.11250279466836,167.63190519355916,11.041339968301116,0.1999680061730301,0.0,11.291313154116194,16.615158515757763,59.13311209600216,125,0,0,0,0,0,1.0,1.0,1,0,0,0,0,0,0,0,0
137.5,130.26785714285714,134.40584141175333,118.22734754636281,125.29869855461047,117.24520468921995,114.09661713253205,111.09821847589392,82.49600716031148,128.59405086852925,67.97506433237345,122.579279410753,61.96029287459719,108.05833658281497,0.09107142857142858,1.259749761643231,-0.009821428571428571,0.009821428571428571,0.7804015850301346,-0.2837242308021834,0.19997365744553938,0.0,0.33273672680640337,0.06973390301892697,125,0,0,0,0,0.003236158332201044,0,0,0.017614383775706517,-0.05171576275357634,0.0010207628033188454,0.0,-0.1274769390439914,-1.3037231781556762,0,0,0,0,9.107142857142858,11.110696028184574,167.76910189750436,11.042692311873402,0.19997365744553938,0.0,10.959163396814123,16.812670706598677,58.7672935880234,125,0,0,0,0,0,1.0,1.0,1,0,0,0,0,0,0,0,0
137.5,130.26785714285714,134.40638032182414,118.22902392251935,125.2992374646813,117.24688106537648,113.93718810851979,110.94540160402738,82.49266299169615,128.5740553926958,67.97172016375812,122.55928393491956,61.95694870598186,108.03834110698153,0.09107142857142858,1.2597653642835818,-0.009821428571428571,0.009821428571428571,0.7804859462606326,-0.283976040038168,0.199978310501079,0.0,0.33209944447511325,0.0634872146368013,125,0,0,0,0,0.003004897808164653,0,0,0.016130108423526673,-0.04900793164026721,0.000840459412528487,0.0,-0.1274359934720524,-1.194952174694591,0,0,0,0,9.107142857142858,11.109019652028046,167.89864614342363,11.043637236190657,0.199978310501079,0.0,10.660942437548245,16.997924678605507,58.43193294346562,125,0,0,0,0,0,2.0,2.0,2,0,1,1,0,0,0,0,0
137.5,130.26785714285714,134.41462134131856,118.25467027876785,125.30747848417572,117.27252742162499,114.4216314464453,111.88083055918618,82.51331640800075,128.80160761021222,67.99237358006272,122.78683615243597,61.977602122286456,108.26589332449794,0.09107142857142858,1.2600040544607904,-0.009821428571428571,0.009821428571428571,0.7793840898257407,-0.2816483076156979,0.1936652237039053,0.0,0.3324985183225943,0.09368604532008937,125,0,0,0,0,0.09247117307528248,0,0,-0.4568726823802768,0.9801009006282924,-2.526075178282018,0.0,0.28706553246446653,13.274484448009822,0,0,0,0,9.107142857142858,11.083373295779541,166.45234565230157,11.013264276054235,0.1936652237039053,0.0,12.669887474779188,16.33412554574088,59.89304430701159,125,0,0,0,0,0,2.0,2.0,2,0,1,1,0,0,0,0,0
137.5,130.26785714285714,134.43345559894402,118.31336225205945,125.32631274180116,117.33121939491659,115.60365770373234,114.40002367872171,82.58665004462898,129.3967818228918,68.06570721669095,123.38201036511555,62.05093575891469,108.86106753717752,0.09107142857142858,1.2605502307763634,-0.009821428571428571,0.009821428571428571,0.7766874789271092,-0.2753101494806804,0.18146715948427894,0.0,0.3332863236166582,0.17201972576737912,125,0,0,0,0,0.12599935315391642,0,0,-0.6217716770723315,1.5551623533787116,-2.3531505095685294,0.0,0.028056585161105763,18.058987730906072,0,0,0,0,9.107142857142858,11.024681322487945,162.68782144043954,10.925555657126157,0.18146715948427894,0.0,17.622214161822985,14.532994411270955,63.72034737092716,125,0,0,0,0,0,2.0,2.0,2,0,1,1,0,0,0,0,0
137.5,130.26785714285714,134.4561126753527,118.38411344834961,125.34896981820984,117.40197059120675,116.63465880638111,117.61013812995324,82.73432674360303,130.15798546987736,68.213383915665,124.1432140121011,62.19861245788874,109.62227118416307,0.09107142857142858,1.261208500832546,-0.009821428571428571,0.009821428571428571,0.7737444619003949,-0.26671450586401174,0.1704696079502997,0.0,0.33150694673158426,0.26278314566335814,125,0,0,0,0,0.13730866931914587,0,0,-0.555435133613405,1.8830950932887518,-2.045870104023164,0.0,-0.7398073391906838,18.246380227485542,0,0,0,0,9.107142857142858,10.95393012619777,157.8786290731255,10.807662583928245,0.1704696079502997,0.0,23.343184462968644,12.440963210617022,68.20299576423648,125,0,0,0,0,0,2.0,2.0,2,0,1,1,0,0,0,0,0
137.5,130.26785714285714,134.47944018316153,118.4571262644377,125.37229732601867,117.47498340729484,117.18203169414559,120.98776376226755,82.97439097792025,130.96065293953947,68.45344814998222,124.94588148176321,62.43867669220596,110.42493865382518,0.09107142857142858,1.261887667739555,-0.009821428571428571,0.009821428571428571,0.7714252889097142,-0.25697328083139487,0.16093084404365876,0.0,0.32590141866383227,0.34952975452906154,125,0,0,0,0,0.13435809348447464,0,0,-0.37223406265887504,2.0133949197579915,-1.769635458633211,0.0,-1.5024038879101094,16.45226331879582,0,0,0,0,9.107142857142858,10.880917310109679,152.73902625635773,10.690364446020538,0.16093084404365876,0.0,28.945803688146103,10.458622167323906,72.61682660368619,125,0,0,0,0,0,2.0,2.0,2,0,1,1,0,0,0,0,0
137.5,130.26785714285714,134.50140196533002,118.52602129419196,125.39425910818717,117.5438784370491,117.24988148156127,124.18430519116646,83.29672012806195,131.72545735260684,68.77577730012392,125.71068589483059,62.76100584234766,111.18974306689256,0.09107142857142858,1.2625283959417417,-0.009821428571428571,0.009821428571428571,0.7700890307357972,-0.2469864163773653,0.15268152046576552,0.0,0.31713462293979994,0.4257766082504253,125,0,0,0,0,0.12193318739022162,0,0,-0.16226920690794222,1.981350861853843,-1.5300939725240814,0.0,-2.0043144017028314,14.046478169749673,0,0,0,0,9.107142857142858,10.812022280355432,147.69395797484088,10.590122678626779,0.15268152046576552,0.0,34.017118075614306,8.729497577139838,76.67916299227223,125,0,0,0,0,0,2.0,2.0,2,0,1,1,0,0,0,0,0
137.5,130.26785714285714,134.520733783805,118.5867926107752,125.41359092666215,117.60464975363234,116.97869684465,127.01099615546055,83.6730177152225,132.40762278021518,69.15207488728447,126.39285132243893,63.13730342950821,111.8719084945009,0.09107142857142858,1.263093464591361,-0.009821428571428571,0.009821428571428571,0.7697299056209976,-0.23744322075528618,0.14554894328588408,0.0,0.30662203691832035,0.49008673591586227,125,0,0,0,0,0.10409427245751653,0,0,0.018619160988132627,1.8359273869777981,-1.3229368994285007,0.0,-2.2007200068889983,11.677572896425113,0,0,0,0,9.107142857142858,10.751250963772186,142.99262855274554,10.51167033486347,0.14554894328588408,0.0,38.389067009886375,7.277470072473885,80.3040558729973,125,0,0,0,0,0,2.0,2.0,2,1,1,1,0,0,0,0,0
137.5,130.26785714285714,134.53681265337806,118.63742875679964,125.42966979623522,117.65528589965677,116.5243773679063,129.40208537543344,84.07049760483366,132.98940316251023,69.54955477689563,126.97463170473397,63.53478331911937,112.45368887679594,0.09107142857142858,1.2635642161029814,-0.009821428571428571,0.009821428571428571,0.770143919648227,-0.22877837563102746,0.13938204153710382,0.031582734083485935,0.2957303357710886,0.5432518907948822,125,0,0,0,0,0.08420633219065386,0,0,0.14698644990360799,1.6300106627256863,-1.143823800083608,12.633093633394381,-2.1559604520037032,9.588489055182869,0,0,0,0,9.107142857142858,10.700614817747745,138.76479975399664,10.452917521766231,0.13938204153710382,0.031582734083485935,42.03350146730649,6.079941544406564,83.48343816829893,125,0,0,0,0,0,1.7500000000000002,1.7500000000000002,2,1,1,1,0,0,0,0,0
137.5,130.26785714285714,134.54963094729948,118.67785589658561,125.44248809015662,117.69571303944275,116.00723226525488,131.36741591116183,84.46530404856959,133.47725534602003,69.94436122063156,127.46248388824378,63.9295897628553,112.94154106030575,0.09107142857142858,1.2639400065762938,-0.009821428571428571,0.009821428571428571,0.7710717820584951,-0.2210995240378171,0.13405008020349854,0.09059063264456405,0.2853962752599466,0.5865361308712713,125,0,0,0,0,0.06610985713426595,0,0,0.22415851420364463,1.4415299745584589,-0.9889607333585018,10.970065791036857,-1.9776637524530867,7.725206975372785,0,0,0,0,9.107142857142858,10.660187677961774,135.01634197970316,10.407726499918162,0.13405008020349854,0.09059063264456405,44.999640764177656,5.101254367327746,86.22314210055491,125,0,0,0,0,0,1.25,1.25,2,1,1,1,0,0,0,0,0
137.5,130.26785714285714,134.5596728082391,118.70956343956249,125.45252995109624,117.72742058241963,115.50256037285575,132.9532899540889,84.85063665813368,133.89532154602298,70.32969383019565,127.88055008824672,64.31492237241939,113.35960726030869,0.09107142857142858,1.2642347127277647,-0.009821428571428571,0.009821428571428571,0.7723143086070153,-0.21420460569150887,0.12944001669921537,0.1380085137593477,0.2760283457518274,0.6207590648294972,125,0,0,0,0,0.05177260345404531,0,0,0.27285210520444014,1.3164373639648355,-0.8550646683547632,7.9970866548766,-1.7695080507946086,5.963966607917537,0,0,0,0,9.107142857142858,10.628480134984908,131.63508369781675,10.367974707213069,0.12944001669921537,0.1380085137593477,47.372985035646224,4.306026359675114,88.519795239283,125,0,0,0,0,0,1.0,1.0,2,1,1,1,0,0,0,0,0
137.5,130.26785714285714,134.56738223204712,118.73392828257317,125.46023937490428,117.75178542543031,115.04825649467577,134.217456960425,85.22555769303288,134.26144348541456,70.70461486509485,128.2466720276383,64.68984340731859,113.72572919970027,0.09107142857142858,1.2644611533838293,-0.009821428571428571,0.009821428571428571,0.7737613186408441,-0.20791570662272252,0.12545411282415017,0.17204306540387726,0.2676963181912585,0.6467702491823104,125,0,0,0,0,0.03880365897181703,0,0,0.30595190832705776,1.1991222635497112,-0.7392968816713216,5.616734002935221,-1.5633029734329507,4.440507133207753,0,0,0,0,9.107142857142858,10.604115291974225,128.5322607769039,10.329252574965814,0.12545411282415017,0.17204306540387726,49.25020610689762,3.6639764549790623,90.39452632071317,125,0,0,0,0,0,1.0,1.0,2,1,1,1,0,0,0,0,0
137.5,130.26785714285714,134.57288680902712,118.75133668131717,125.46574395188426,117.76919382417431,114.6577261216735,135.2167159852918,85.58159827427285,134.57682887724775,71.06065544633482,128.5620574194715,65.04588398855856,114.04111459153347,0.09107142857142858,1.264622932682066,-0.009821428571428571,0.009821428571428571,0.7753229435287456,-0.2022769785366169,0.12200786318430556,0.19585871573517416,0.26040172460817096,0.6660546873194895,125,0,0,0,0,0.025908060322833826,0,0,0.3186980468335684,1.0563689708925255,-0.6392029742665206,3.909526129583533,-1.3545344598020683,3.273268121663857,0,0,0,0,9.107142857142858,10.586706893230218,125.72760718715034,10.292709589994686,0.12200786318430556,0.19585871573517416,50.724423614838145,3.149648368188979,91.9095583356181,125,0,0,0,0,0,1.0,1.0,2,1,1,1,0,0,0,0,0
137.5,130.26785714285714,134.57628494015165,118.76208827212318,125.4691420830088,117.77994541498032,114.33169296132351,136.00219541632384,85.90844459370173,134.84110462899207,71.3875017657637,128.82633317121582,65.37273030798744,114.3053903432778,0.09107142857142858,1.2647228449653793,-0.009821428571428571,0.009821428571428571,0.776901174594952,-0.19735742096428696,0.11902820362606839,0.21242035466441592,0.2541282762922363,0.6802254308594563,125,0,0,0,0,0.014056853002490233,0,0,0.3125943796489671,0.911454058039455,-0.5526608490283477,2.71512944211317,-1.1548448665718096,2.3950292943228875,0,0,0,0,9.107142857142858,10.575955302424218,123.25822432867378,10.25998140447349,0.11902820362606839,0.21242035466441592,51.8771778747461,2.7404281584193777,93.1323150719473,125,0,0,0,0,0,2.25,2.25,3,1,2,2,0,0,0,0,0
137.5,130.26785714285714,134.57773248746156,118.76666940662653,125.47058963031871,117.78452654948367,114.0648404658335,136.6175435181367,86.19758692567335,135.05676210582496,71.67664409773532,129.0419906480487,65.66187263995906,114.52104782011067,0.09107142857142858,1.2647654155311543,-0.009821428571428571,0.009821428571428571,0.7784003894061609,-0.19318115558113658,0.10707067338613624,0.22391960909021316,0.24884062866155812,0.6907191333595302,125,0,0,0,0,0.0029713733074806722,0,0,0.28709154483458443,0.7590520952207017,-4.230351246944517,1.8845723282057258,-0.9602141856994539,1.8024517057066443,0,0,0,0,9.107142857142858,10.571374167920855,121.1458915601407,10.231578700732696,0.10707067338613624,0.22391960909021316,52.77635146867488,2.4164423201554266,94.12082514248846,125,0,0,0,0,0,2.75,2.75,3,1,2,2,0,0,0,0,0
137.5,130.26785714285714,134.5773505693028,118.76546066279367,125.47020771215996,117.78331780565081,113.84925763579452,137.09865723114999,86.43974313203319,135.22517002641652,71.91880030409516,129.21039856864027,65.9040288463189,114.68945574070224,0.09107142857142858,1.2647541832361762,-0.009821428571428571,0.009821428571428571,0.7797246602810358,-0.18978687885476717,0.09172221181373767,0.23190078406967066,0.24452184890264939,0.6989007664191075,125,0,0,0,0,-0.0074642912986952505,0,0,0.24261680511541028,0.5986585953270583,-1.909033382014906,1.3078976635772737,-0.7672977178640423,1.4702015181242818,0,0,0,0,9.107142857142858,10.57258291175372,119.42323623328164,10.208268695381207,0.09172221181373767,0.23190078406967066,53.47700068806537,2.1609267040880398,94.92887521487016,125,0,0,0,0,0,3.0,3.0,3,1,2,2,0,0,0,0,0
137.5,130.26785714285714,134.57534752592574,118.75912194660293,125.46820466878289,117.77697908946007,113.67664370077736,137.47448743838484,86.63197980686397,135.35173003058568,72.11103697892594,129.33695857280944,66.09626552114968,114.8160157448714,0.09107142857142858,1.2646952798382434,-0.009821428571428571,0.009821428571428571,0.7808160351620302,-0.18713097569916798,0.08068341652595064,0.23743965792971247,0.24110549778499957,0.7056828207791828,125,0,0,0,0,-0.016097067874418013,0,0,0.19393314728236793,0.4637026669126187,-2.506484733099907,0.9076518804394502,-0.5992427291958902,1.2426202259058456,0,0,0,0,9.107142857142858,10.57892162794445,118.08206907951305,10.189783190311296,0.08068341652595064,0.23743965792971247,54.02287989517554,1.959921517366242,95.59422305200336,125,0,0,0,0,0,3.0,3.0,3,1,2,2,0,0,0,0,0
137.5,130.26785714285714,134.57205727898798,118.74871263926323,125.46491442184512,117.76656978212037,113.53931614200758,137.76803169094103,86.78154600698895,135.44710761600544,72.26060317905092,129.4323361582292,66.24583172127466,114.91139333029116,0.09107142857142858,1.2645985475293808,-0.009821428571428571,0.009821428571428571,0.7816833691134839,-0.18505357899840294,0.06995560902180237,0.24128349912263936,0.23843481914884287,0.7113588934214052,125,0,0,0,0,-0.022595855670638203,0,0,0.15300043329909002,0.3672560133933998,-1.7846382685594004,0.6298845967312976,-0.46902872526678474,1.027808830983129,0,0,0,0,9.107142857142858,10.589330935284163,117.05071199113881,10.174448370251527,0.06995560902180237,0.24128349912263936,54.44831194156296,1.8020159768808552,96.13652740088521,125,0,0,0,0,0,2.0,2.0,2,1,1,1,0,0,0,0,0
137.5,130.26785714285714,134.56760990630693,118.73464811543317,125.46046704916408,117.75250525829031,113.43046320840845,137.997341493511,86.88735305123892,135.51368576193246,72.36641022330089,129.49891430415622,66.35163876552463,114.97797147621819,0.09107142857142858,1.264467843080704,-0.009821428571428571,0.009821428571428571,0.7823030007721495,-0.18353444597964297,0.0674154708799919,0.2439510131663281,0.23645578239821702,0.7165556306219897,125,0,0,0,0,-0.029685923800152666,0,0,0.09485223016715427,0.2403971941105835,0.7685830118352139,0.4371210207442101,-0.3225859749835629,1.0508860492506686,0,0,0,0,9.107142857142858,10.603395459114207,116.32551673073749,10.162484421205386,0.0674154708799919,0.2439510131663281,54.78016073412334,1.678131682309536,96.58583990589071,125,0,0,0,0,0,2.0,2.0,2,1,2,2,0,0,0,0,0
137.5,130.26785714285714,134.55959888555273,118.70932990730978,125.45245602840988,117.72718705016692,113.67443096206583,137.8910927853711,86.95135467467233,135.5543618033961,72.4304118467343,129.53959034561984,66.41564038895804,115.01864751768181,0.09107142857142858,1.2642325422598735,-0.009821428571428571,0.009821428571428571,0.7826766449441678,-0.1824558145196841,0.07138494318110927,0.24580218749061888,0.23803415684607426,0.7081711619028875,125,0,0,0,0,-0.06443440453202057,0,0,0.05460543864014642,0.19105538987296478,0.819205908611734,0.30334870897209887,0.9539357541264626,-4.404673536891514,0,0,0,0,9.107142857142858,10.628713667237605,115.8867248852733,10.154121025781615,0.07138494318110927,0.24580218749061888,54.39127795046352,1.62340375660463,96.18787237962859,125,0,0,0,0,0,2.0,2.0,2,2,2,2,0,0,0,0,0
137.5,130.26785714285714,134.5472714797298,118.67041049842634,125.44012862258694,117.68826764128347,114.38946644678003,137.33218746122677,86.98804955055667,135.57926351929163,72.46710672261864,129.56449206151538,66.45233526484238,115.04354923357735,0.09107142857142858,1.2638708012418307,-0.009821428571428571,0.009821428571428571,0.7828837048356517,-0.18159309372091229,0.07522956717334009,0.27866958024336363,0.2441638981651189,0.6809138726599328,125,0,0,0,0,-0.0802620026851086,0,0,0.028218517953413957,0.15403292963576415,0.7186436882805896,12.843608392125796,1.4979607734914004,-6.49824216029042,0,0,0,0,9.107142857142858,10.667633076121053,115.631514738054,10.147640975660327,0.07522956717334009,0.27866958024336363,53.036669564408506,1.6508442070174156,94.65856769876969,125,0,0,0,0,0,2.0,2.0,2,2,2,2,0,0,0,0,0
137.5,130.26785714285714,134.53317593160472,118.62596862901066,125.42603307446186,117.6438257718678,115.25391403282667,136.58268964313612,87.0073648689534,135.5943719885063,72.48642204101537,129.57960053073006,66.47165058323911,115.05865770279203,0.09107142857142858,1.2634576803375337,-0.009821428571428571,0.009821428571428571,0.7829833899597015,-0.1808938077398342,0.07858127301561676,0.338568992754804,0.25202003695313835,0.6479892015161292,125,0,0,0,0,-0.08498635903367571,0,0,0.01165553166651468,0.12568146279546072,0.6220386486300808,11.116156612450359,1.6444947417163824,-6.671626297231024,0,0,0,0,9.107142857142858,10.71207494553672,115.49230831141321,10.142345618317322,0.07858127301561676,0.338568992754804,51.328643097730215,1.713006766672187,92.77404060138825,125,0,0,0,0,0,2.0,2.0,2,2,2,2,0,0,0,0,0
137.5,130.26785714285714,134.51873126910255,118.58049200201171,125.41158841195968,117.59834914486885,116.10395199427064,135.79637504439924,87.01591152617871,135.60333594775142,72.49496869824068,129.58856448997517,66.48019724046442,115.06762166203714,0.09107142857142858,1.2630348844919943,-0.009821428571428571,0.009821428571428571,0.7830168331356709,-0.18031870887248244,0.08148103653724814,0.386605557355811,0.26008862712134206,0.6162154159240533,125,0,0,0,0,-0.08413197918209367,0,0,0.0017217387212583174,0.10435808414524879,0.537866760022472,8.09846922795242,1.5829413255651126,-6.037887939599313,0,0,0,0,9.107142857142858,10.757551572535673,115.42507498242948,10.137925967904104,0.08148103653724814,0.386605557355811,49.59729114894695,1.778432411295866,90.93789673497143,125,0,0,0,0,0,2.0,2.0,2,2,2,2,0,0,0,0,0
137.5,130.26785714285714,134.50463084341268,118.5361632994931,125.39748798626984,117.55402044235024,116.86782006948052,135.05108574743574,87.01800705272542,135.60843780305592,72.4970642247874,129.59366634527967,66.48229276701113,115.07272351734163,0.09107142857142858,1.2626227061984143,-0.009821428571428571,0.009821428571428571,0.7830114192933862,-0.17983643206761085,0.08398832272493487,0.42106945646439253,0.2676073656776308,0.5881977203860445,125,0,0,0,0,-0.08073933824985843,0,0,-0.003887275635116912,0.08855263780338389,0.46504771505221876,5.6870904154801885,1.4245540969503951,-5.169190275604191,0,0,0,0,9.107142857142858,10.801880275054287,115.4013631408593,10.134217068554957,0.08398832272493487,0.42106945646439253,47.99883859204109,1.8361357867288763,89.30759529972588,125,0,0,0,0,0,2.0,2.0,2,1,2,2,0,0,0,0,0
137.5,130.26785714285714,134.49117959169288,118.49393430122183,125.38403673455002,117.51179144407897,117.52241309126289,134.38108918740585,87.01642321226002,135.61112844132649,72.495480384322,129.59635698355024,66.48070892654573,115.07541415561221,0.09107142857142858,1.2622300011269805,-0.009821428571428571,0.009821428571428571,0.782984814340602,-0.17942285890637194,0.08615615400327249,0.4136003267528492,0.2742503754490519,0.5645107676578972,125,0,0,0,0,-0.07634269032370722,0,0,-0.006754705478597736,0.07687662669218491,0.4020847962828326,-8.674742300097536,1.2326498116180356,-4.305590815654712,0,0,0,0,9.107142857142858,10.844109273325559,115.40296873893118,10.131107144768048,0.08615615400327249,0.4136003267528492,46.59379001232752,1.8846686731373852,87.92110344093169,125,0,0,0,0,0,2.0,2.0,2,1,1,1,0,0,0,0,0
137.5,130.26785714285714,134.4799988803621,118.45887703170347,125.37285602321926,117.4767341745606,117.73079772299076,134.1921583534157,87.0129069772436,135.61233730339657,72.49196414930557,129.59756584562032,66.47719269152931,115.07662301768228,0.09107142857142858,1.2619039516087964,-0.009821428571428571,0.009821428571428571,0.7829480884937212,-0.1791042278721865,0.08803048168460358,0.3713608381345518,0.27637641576450456,0.5584321097480796,125,0,0,0,0,-0.05407711694990125,0,0,-0.007935633273690353,0.05057578698198867,0.34764627624959915,-8.221053147221438,-0.38223368543698033,1.874127651727651,0,0,0,0,9.107142857142858,10.87916654284392,115.41839435890981,10.128506404789917,0.08803048168460358,0.3713608381345518,46.17134473053388,1.8777953575608464,87.54471375889773,125,0,0,0,0,0,2.0,2.0,2,1,1,1,0,0,0,0,0
137.5,130.26785714285714,134.4715078308636,118.43227957884434,125.36436497372074,117.45013672170148,117.39490387467734,134.60869153427012,87.00853460464107,135.6126600491289,72.48759177670304,129.59788859135264,66.47282031892678,115.07694576341461,0.09107142857142858,1.2616565598346259,-0.009821428571428571,0.009821428571428571,0.7829079554481321,-0.178879379563414,0.08965104290396586,0.33558570422030015,0.2728650798903714,0.573598952075002,125,0,0,0,0,-0.04487959271835467,0,0,-0.008117584961975026,0.039363536527013535,0.3005782114953167,-6.089000418479207,-1.0223006642162757,4.192609279041317,0,0,0,0,9.107142857142858,10.905763995703039,115.44050676922352,10.12633743416551,0.08965104290396586,0.33558570422030015,46.967759753675494,1.806296925682055,88.38923375371647,125,0,0,0,0,0,2.0,2.0,2,1,1,1,0,0,0,0,0
137.5,130.26785714285714,134.46411473534903,118.40913984550004,125.35697187820617,117.42699698835717,116.85104807664513,135.21946355392095,87.00394864133399,135.6124761448059,72.48300581339596,129.59770468702965,66.4682343556197,115.07676185909162,0.09107142857142858,1.261441313561236,-0.009821428571428571,0.009821428571428571,0.7828683119412035,-0.17869367452350446,0.09105219524060307,0.3096319071628732,0.2673253833964202,0.5962924247309093,125,0,0,0,0,-0.04121891663763169,0,0,-0.007739817809448254,0.034918479436801715,0.2598827231595682,-4.2925184044915765,-1.1935779333642118,4.884779783321592,0,0,0,0,9.107142857142858,10.92890372904735,115.46499206477634,10.12453259480054,0.09105219524060307,0.3096319071628732,48.1869357865465,1.7223731775475037,89.66696535914251,125,0,0,0,0,0,2.0,2.0,2,1,1,1,0,0,0,0,0
137.5,130.26785714285714,134.4571129087755,118.38724057460601,125.34997005163265,117.40509771746315,116.26122590106971,135.84555749775095,86.99951489074229,135.61202443686597,72.47857206280426,129.59725297908972,66.463800605028,115.07631015115169,0.09107142857142858,1.2612375924555592,-0.009821428571428571,0.009821428571428571,0.782831269326112,-0.17852160737878148,0.09226364460999646,0.2914242359011105,0.261468201813874,0.6205197829534396,125,0,0,0,0,-0.04026952563301883,0,0,-0.00707722822716475,0.03390837845238868,0.2246970245977912,-2.9905501002134987,-1.1492946996542686,4.806163505690521,0,0,0,0,9.107142857142858,10.95080299994139,115.4893399224037,10.123033193341918,0.09226364460999646,0.2914242359011105,49.467244697910935,1.639448970262919,91.03391008742129,125,0,0,0,0,0,2.0,2.0,2,1,1,1,0,0,0,0,0
137.5,130.26785714285714,134.45015450070568,118.36549232434416,125.34301164356283,117.3833494672013,115.70264269257885,136.41273983452496,86.99542540739758,135.61145242030707,72.47448257945955,129.59668096253083,66.45971112168328,115.0757381345928,0.09107142857142858,1.261035263102984,-0.009821428571428571,0.009821428571428571,0.782797832330594,-0.17835022996900574,0.09331107502569314,0.2787543950717559,0.256050997686111,0.6434620190030184,125,0,0,0,0,-0.04066221539711967,0,0,-0.006297569980054587,0.0346425854579026,0.19427514168088053,-2.077386231528339,-1.0175869514509133,4.370730914140977,0,0,0,0,9.107142857142858,10.972551250203228,115.5121788527023,10.121788866900538,0.09331107502569314,0.2787543950717559,50.649767793206976,1.5632553693315676,92.32822798940279,125,0,0,0,0,0,2.0,2.0,2,1,1,1,0,0,0,0,0
137.5,130.26785714285714,134.4430722331387,118.34337250891711,125.33592937599586,117.36122965177425,115.20811577747676,136.89655246181186,86.99176545344268,135.61084854748555,72.47082262550465,129.5960770897093,66.45605116772839,115.07513426177127,0.09107142857142858,1.2608294635466097,-0.009821428571428571,0.009821428571428571,0.7827683391161867,-0.17817317096528526,0.09421669312532957,0.2699559353198936,0.2513523849807628,0.6638834619945937,125,0,0,0,0,-0.04165760715261011,0,0,-0.0054997157828494975,0.03618101603028501,0.1679720981736919,-1.4419976692165997,-0.8618581306883638,3.797846282489168,0,0,0,0,9.107142857142858,10.994671065630278,115.53284388876001,10.120756862845326,0.09421669312532957,0.2699559353198936,51.67550550022428,1.4965758985231947,93.47892856992121,125,0,0,0,0,0,1.0,1.0,1,1,0,0,0,0,0,0,0
137.5,130.26785714285714,134.42180365174164,118.2770390516769,125.3146607945988,117.29489619453403,114.73856921493002,137.17751382651792,86.92425731700159,135.57104880078901,72.40331448906356,129.55627734301277,66.3885430312873,115.03533451507474,0.09107142857142858,1.2602122252880288,-0.009821428571428571,0.009821428571428571,0.7823590424541318,-0.17840990946433313,0.09818639970384033,0.26384903040671237,0.24743455559856367,0.6803691113813239,125,0,0,0,0,-0.20523769627978236,0,0,-0.1582189490391058,-0.13087641564943128,1.4199105332306092,-1.000764296055879,-0.7052736221912774,2.7964134722029343,0,0,0,0,9.107142857142858,11.061004522870487,115.98592273729366,10.127263096036254,0.09818639970384033,0.26384903040671237,52.484786358356175,1.5636601523422333,94.28306120369827,125,0,0,0,0,0,1.0,1.0,1,1,1,1,0,0,0,0,0
137.5,130.26785714285714,134.37375597713182,118.12770137339898,125.26661311998897,117.14555851625612,114.67439224179928,136.66346553712424,86.74624682583854,135.46174252022925,72.22530399790051,129.446971062453,66.21053254012425,114.92602823451497,0.09107142857142858,1.2588221778406987,-0.009821428571428571,0.009821428571428571,0.7813030846862657,-0.17932517330623376,0.1067171920342485,0.259610842956207,0.24802259992674,0.670134379139686,125,0,0,0,0,-0.3507812826522674,0,0,-0.2641641581073279,-0.23522912111081698,1.9924063989326566,-0.6945106841462562,0.9404913534618062,-6.890306368858134,0,0,0,0,9.107142857142858,11.210342201148416,117.19479627798091,10.145329976361012,0.1067171920342485,0.259610842956207,52.09042015237553,2.009938442471204,93.34596177272734,125,0,0,0,0,0,1.0,1.0,1,1,1,1,0,0,0,0,0
137.5,130.26785714285714,134.32862023464048,117.98805888468851,125.22147737749762,117.00591602754565,115.19705508218092,135.26160417182638,86.51701781329253,135.34583997104872,71.9960749853545,129.33106851327247,65.98130352757823,114.81012568533444,0.09107142857142858,1.2575218100498131,-0.009821428571428571,0.009821428571428571,0.779831557539104,-0.18072202561406828,0.11712161842511415,0.2566696384763824,0.2548602934476292,0.6261330857728653,125,0,0,0,0,-0.16936583370201636,0,0,-0.3244467007573715,-0.3235118020229911,2.169364157413602,-0.4819711077835843,1.7945860548938786,-10.710210977870151,0,0,0,0,9.107142857142858,11.349984689858871,118.6876024204401,10.140312482661074,0.11712161842511415,0.2566696384763824,50.1306143752705,2.773410462608916,90.37264870198764,125,0,0,0,0,0,1.0,1.0,1,1,1,1,0,0,0,0,0
137.5,130.26785714285714,134.30462742546968,117.91408065875413,125.19748456832681,116.93193780161127,115.91389301892298,133.5101182672595,86.27215802275313,135.253754176847,71.7512151948151,129.23898271907075,65.73644373703884,114.7180398911327,0.09107142857142858,1.2568326939643577,-0.009821428571428571,0.009821428571428571,0.7781148234761631,-0.18256693863125986,0.12785986169877483,0.25462852677689857,0.2647525160228322,0.5716462002644004,125,0,0,0,0,-0.10628060048012436,0,0,-0.3622469244190198,-0.4144534048536396,2.1259331520506692,-0.33447357200995786,2.1623029751873095,-11.084543225515802,0,0,0,0,9.107142857142858,11.423962915793268,120.18679234846074,10.100165038366027,0.12785986169877483,0.25462852677689857,47.49542050606415,3.6198862419313804,86.7706366389881,125,0,0,0,0,0,1.0,1.0,1,1,1,1,0,0,0,0,0
137.5,130.26785714285714,134.2888862373938,117.86563921286282,125.18174338025095,116.88349635571996,116.60623669054338,131.67367275276084,86.00829247085429,135.15572633194174,71.48734964291626,129.1409548741655,65.47257818514,114.62001204622746,0.09107142857142858,1.2563813725276587,-0.009821428571428571,0.009821428571428571,0.7762646853119545,-0.18484522810881182,0.13809638387473952,0.2532120565685936,0.27569938007020445,0.5193812278218071,125,0,0,0,0,-0.07424797419951215,0,0,-0.37780834126444346,-0.4968623861671422,1.9686757183352068,-0.23211451131203417,2.2164426437615896,-9.821445751521509,0,0,0,0,9.107142857142858,11.472404361684568,121.78395376941693,10.048356094487415,0.13809638387473952,0.2532120565685936,44.67116491972107,4.462944333508617,83.27531260283624,125,0,0,0,0,0,1.0,1.0,1,1,1,1,0,0,0,0,0
137.5,130.26785714285714,134.2777448273677,117.83139786229424,125.17060197022485,116.84925500515138,117.18440047051162,129.91706290445603,85.73230527703427,135.04343013623284,71.21136244909624,129.0286586784566,65.19659099131998,114.50771585051855,0.09107142857142858,1.2560623112173195,-0.009821428571428571,0.009821428571428571,0.7743827762070316,-0.1875056418402103,0.14742093704369685,0.25222906929298894,0.2864524761499535,0.4745987750992703,125,0,0,0,0,-0.05337654993619461,0,0,-0.3749553007047206,-0.5673031063922488,1.7611455492477255,-0.16108039892981205,2.0847957881380292,-8.091535337493198,0,0,0,0,9.107142857142858,11.506645712253144,123.46626409909393,9.994132212612017,0.14742093704369685,0.25222906929298894,41.94066391576738,5.2473877902775135,80.20812818695822,125,0,0,0,0,0,1.0,1.0,1,1,1,1,0,0,0,0,0
137.5,130.26785714285714,134.2698042864373,117.80701650881085,125.16266142929445,116.82487365166799,117.62686564196039,128.31953201202106,85.45209241586903,134.91456168362706,70.931149587931,128.8997902258508,64.91637813015474,114.37884739791278,0.09107142857142858,1.2558351052764332,-0.009821428571428571,0.009821428571428571,0.7725510271955139,-0.19048658766910467,0.15567413458587567,0.2515469060857355,0.2963211991986744,0.4383218140382985,125,0,0,0,0,-0.03750582641836861,0,0,-0.35774430390233525,-0.6250752251655027,1.5401334676237983,-0.11178488397155847,1.862693431350316,-6.419249086895515,0,0,0,0,9.107142857142858,11.531027065736549,125.20303696726039,9.942493141740528,0.15567413458587567,0.2515469060857355,39.44258957673528,5.953714428157769,77.64641081916827,125,0,0,0,0,0,1.0,1.0,1,1,0,0,0,0,0,0,0
137.5,130.26785714285714,134.26429683300265,117.79011696712861,125.15715397585979,116.80797410998575,117.93267482283929,126.8349467714166,85.17461767732826,134.76913934965566,70.65367484939023,128.7543678918794,64.63890339161397,114.23342506394138,0.09107142857142858,1.2556776112764263,-0.009821428571428571,0.009821428571428571,0.7708318131708096,-0.1937227259548439,0.16283934514941545,0.25107350562786,0.3050814196281626,0.40737702260013114,125,0,0,0,0,-0.0254917735843363,0,0,-0.32994130597939086,-0.6693800891301944,1.3259507577921168,-0.07757529917863518,1.6413947404449603,-5.958667488371427,0,0,0,0,9.107142857142858,11.547926607418779,126.96448541235283,9.89658821607593,0.16283934514941545,0.25107350562786,37.1397325703305,6.6338229333805785,75.42308451987495,125,0,0,0,0,0,1.0,1.0,1,1,0,0,0,0,0,0,0
137.5,130.26785714285714,134.26084329706683,117.77952444805035,125.15370043992398,116.79738159090749,118.110043845279,125.40084515892231,84.90555237696712,134.60841665794533,70.3846095490291,128.59364520016908,64.36983809125283,114.07270237223105,0.09107142857142858,1.255578890974105,-0.009821428571428571,0.009821428571428571,0.7692698152614978,-0.19715255470870424,0.16897649515500962,0.25074498015283925,0.31278737765526266,0.37865152574790784,125,0,0,0,0,-0.0139963473442176,0,0,-0.29485785774532114,-0.7025514124139345,1.1289092444455573,-0.053834890829679016,1.4409884703950655,-5.531531252517901,0,0,0,0,9.107142857142858,11.558519126497046,128.72535195464656,9.858423637195719,0.16897649515500962,0.25074498015283925,34.9462180473831,7.334386063877246,73.37063695175398,125,0,0,0,0,0,1.0,1.0,1,1,0,0,0,0,0,0,0
137.5,130.26785714285714,134.25929738102477,117.77478403814287,125.15215452388192,116.79264118100001,118.18436700547738,124.03185356454166,84.64915424636678,134.43417613226256,70.12821141842875,128.41940467448632,64.11343996065249,113.89846184654829,0.09107142857142858,1.2555347102085392,-0.009821428571428571,0.009821428571428571,0.7678943080142807,-0.20072298286558912,0.17418221928552657,0.25051699349646234,0.31953905286723366,0.35198422312691946,125,0,0,0,0,-0.003675958882072854,0,0,-0.25534504114152734,-0.7256198503400153,0.9533804077612223,-0.03735977172108869,1.2596816143933438,-5.135389795877458,0,0,0,0,9.107142857142858,11.563259536404525,130.46652319603888,9.8292624663474,0.17418221928552657,0.25051699349646234,32.85798275706451,8.036422353635258,71.4871094845713,125,0,0,0,0,0,1.0,1.0,1,0,0,0,0,0,0,0,0
137.5,130.26785714285714,134.25944379627958,117.77523297664895,125.15230093913672,116.79309011950609,118.17792826381779,122.73778721036484,84.40830491993445,134.24827331864302,69.88736209199642,128.23350186086677,63.87259063422016,113.71255903292874,0.09107142857142858,1.255538894356458,-0.009821428571428571,0.009821428571428571,0.7667217437121935,-0.2043860337732362,0.178566464273224,0.20099749139102852,0.3254278257552048,0.32722581542559953,125,0,0,0,0,0.0053496180495532075,0,0,-0.21368067969334373,-0.7396005127188098,0.8003175873177533,-19.770441070452453,1.0958275407950975,-4.767973284650511,0,0,0,0,9.107142857142858,11.562810597898443,132.1754264738264,9.809850312452555,0.178566464273224,0.20099749139102852,30.872517676878026,8.725160240144175,69.76781717382458,125,0,0,0,0,0,1.0,1.0,1,0,0,0,0,0,0,0,0
137.5,130.26785714285714,134.26105585834088,117.78017630329104,125.15391300119803,116.79803344614818,118.10985381046464,121.52459419362212,84.18481284528929,134.05264848858215,69.66387001735126,128.0378770308059,63.649098559574995,113.51693420286787,0.09107142857142858,1.2555849662351357,-0.009821428571428571,0.009821428571428571,0.765758404138389,-0.20809882178672937,0.18223927312799798,0.1245806439511133,0.33053718057880993,0.3042379341170891,125,0,0,0,0,0.01307913342154636,0,0,-0.17165514982842212,-0.7455146926784585,0.6688059545918323,-10.796297905513635,0.9479143886469608,-4.4271792387536575,0,0,0,0,9.107142857142858,11.55786727125635,133.84389326263303,9.800448980439569,0.18223927312799798,0.1245806439511133,28.988460968963906,9.389547727457998,68.20607341176189,125,0,0,0,0,0,1.0,1.0,1,0,0,0,0,0,0,0,0
137.5,130.26785714285714,134.26390964679578,117.78892923162093,125.15676678965293,116.80678637447807,117.99619748049969,120.39513039676872,83.97963292835279,133.8492670264684,69.45869010041476,127.83449556869215,63.443918642638494,113.31355274075412,0.09107142857142858,1.255666541961165,-0.009821428571428571,0.009821428571428571,0.7650026736658354,-0.21182355004867853,0.1853037888654359,0.07992549117286453,0.3349433524667194,0.2828923356898721,125,0,0,0,0,0.019551156990168843,0,0,-0.13063703919301173,-0.7443766121012092,0.5570003403833281,-7.065763205785867,0.8145543665168374,-4.111060132133137,0,0,0,0,9.107142857142858,11.549114342926469,135.46686880077354,9.800914976313374,0.1853037888654359,0.07992549117286453,27.20515737303542,10.02178711888535,66.79374990947363,125,0,0,0,0,0,1.0,1.0,1,0,0,0,0,0,0,0,0
137.5,130.26785714285714,134.26778993054356,117.80083443875654,125.1606470734007,116.81869158161368,117.85014244353293,119.34984091048379,83.79304977224639,133.6400603566679,69.27210694430836,127.62528889889165,63.2573354865321,113.10434607095362,0.09107142857142858,1.2557774928799712,-0.009821428571428571,0.009821428571428571,0.7644469940867774,-0.2155274258927029,0.18785298982469212,0.05101776533445848,0.33871592309586757,0.2630701555718921,125,0,0,0,0,0.024829210532327842,0,0,-0.09163479243016853,-0.7371737255085457,0.4626800433191653,-4.497327129576547,0.6944738851424274,-3.8178119150588596,0,0,0,0,9.107142857142858,11.53720913579086,137.04148228840168,9.810783687241663,0.18785298982469212,0.05101776533445848,25.522268307254066,10.616846577200844,65.52174500335144,125,0,0,0,0,0,1.0,1.0,1,0,0,0,0,0,0,0,0
137.5,130.26785714285714,134.2724942447506,117.81527389269068,125.16535138760773,116.83313103554782,117.68228013767015,118.38735015888997,83.62483378808162,133.42687956483263,69.10389096014359,127.41210810705638,63.089119502367325,112.89116527911835,0.09107142857142858,1.2559120564014823,-0.009821428571428571,0.009821428571428571,0.7640795189516584,-0.2191824817773591,0.18996860494354245,0.032589396332069184,0.34191836895801925,0.24466121731006596,125,0,0,0,0,0.02899619807208962,0,0,-0.05535526161744839,-0.7248486283539343,0.38356600422096865,-2.8740204713791706,0.5865044597182434,-3.5457633896716088,0,0,0,0,9.107142857142858,11.52276968185671,138.566351990875,9.82934956190138,0.18996860494354245,0.032589396332069184,23.9394499743916,11.171970186887053,64.38037506854484,125,0,0,0,0,0,1.0,1.0,1,0,0,0,0,0,0,0,0
137.5,130.26785714285714,134.27783595760195,117.83167778602427,125.17069310045909,116.84953492888141,117.50092932243595,117.50495810034323,83.47437277965693,133.2114617678671,68.9534299517189,127.19669031009084,62.93865849394264,112.67574748215281,0.09107142857142858,1.2560649196842675,-0.009821428571428571,0.009821428571428571,0.7638854865802699,-0.22276531558475424,0.19172125059079084,0.020815406584968096,0.34460856591366745,0.22756339289791605,125,0,0,0,0,0.032149115042023245,0,0,-0.02225768693793758,-0.708284894604114,0.3174922546783846,-1.8355754274612635,0.48957432254102906,-3.2933663751883544,0,0,0,0,9.107142857142858,11.506365788523121,140.04107216810425,9.855738754328335,0.19172125059079084,0.020815406584968096,22.45610334194693,11.686212456938689,63.35969509467576,125,0,0,0,0,0,1.0,1.0,1,0,0,0,0,0,0,0,0
137.5,130.26785714285714,134.28364634198928,117.84953060308061,125.17650348484642,116.86738774593775,117.31246595813835,116.69904577685074,83.34078104254783,132.99540720955537,68.8198382146098,126.98063575177912,62.80506675683354,112.45969292384109,0.09107142857142858,1.2562312764367591,-0.009821428571428571,0.009821428571428571,0.7638483374434704,-0.22625677086029117,0.19317120487136993,0.013295363156854718,0.3468392534481736,0.211682010450147,125,0,0,0,0,0.034393585954624314,0,0,0.007398032218134624,-0.688297215610656,0.2624894575532488,-1.1724419437840878,0.40270069126144925,-3.059186603919267,0,0,0,0,9.107142857142858,11.488512971466774,141.46584420912703,9.88897253487569,0.19317120487136993,0.013295363156854718,21.07119597597895,12.160015555329023,62.44975481779147,125,0,0,0,0,0,1.0,1.0,1,0,0,0,0,0,0,0,0
137.5,130.26785714285714,134.28977568553827,117.86837439155963,125.18263282839543,116.88623153441677,117.12164305560088,115.96539849869785,83.2229883345108,132.7801650223024,68.70204550657277,126.76539356452615,62.68727404879651,112.24445073658812,0.09107142857142858,1.2564068575268996,-0.009821428571428571,0.009821428571428571,0.7639506056043543,-0.22964157757158699,0.19436947019919668,0.008492088940747412,0.3486584617817622,0.19692930570623993,125,0,0,0,0,0.035838850101565144,0,0,0.033509232135447146,-0.6656254689076663,0.216816673577451,-0.7488677426588337,0.3249826421739719,-2.841895293643561,0,0,0,0,9.107142857142858,11.469669182987769,142.84122012096933,9.92802077635232,0.19436947019919668,0.008492088940747412,19.783152518610677,12.594839451817224,61.64079786729788,125,0,0,0,0,0,1.0,1.0,1,0,0,0,0,0,0,0,0
137.5,130.26785714285714,134.29609356274793,117.88780958184691,125.18895070560507,116.90566672470405,116.93188700684267,115.29945753604653,83.11981127129397,132.56702590308583,68.59886844335594,126.55225444530957,62.58409698557968,112.03131161737154,0.09107142857142858,1.256587938630888,-0.009821428571428571,0.009821428571428571,0.7641746148657501,-0.23290797146724493,0.19535892122497717,0.0054241164586197495,0.35010990474180465,0.18322391410723998,125,0,0,0,0,0.03659359149377542,0,0,0.056094472422847846,-0.6409320893555116,0.17896373673474553,-0.4783212501922317,0.25559454184302177,-2.6402613459564224,0,0,0,0,9.107142857142858,11.450233992700475,144.16793133592063,9.971845543927849,0.19535892122497717,0.0054241164586197495,18.589807220822323,12.992848748520474,60.92341179302843,125,0,0,0,0,0,1.0,1.0,1,0,0,0,0,0,0,0,0
137.5,130.26785714285714,134.30248843714165,117.90749383286514,125.19534557999879,116.92535097572228,116.74556274676696,114.69651183815945,83.03000968236147,132.35712025753733,68.50906685442344,126.34234879976108,62.494295396647175,111.82140597182305,0.09107142857142858,1.256771329416687,-0.009821428571428571,0.009821428571428571,0.7645030090997312,-0.23604730688138767,0.196175425401229,0.0034645230598780974,0.35123334108125176,0.17049040043244773,125,0,0,0,0,0.03676272282580895,0,0,0.07526322116960768,-0.6148020763015823,0.1476379337659917,-0.305516109304429,0.19377999393581302,-2.4531441239604814,0,0,0,0,9.107142857142858,11.430549741682249,145.44678061598626,10.019435327234639,0.196175425401229,0.0034645230598780974,17.488408999854435,13.356655435532177,60.28863662335207,125,0,0,0,0,0,1.0,1.0,1,0,0,0,0,0,0,0,0
137.5,130.26785714285714,134.3088667645761,117.92713939744912,125.20172390743325,116.94499654030626,116.56420442509777,114.1518407406578,82.95233029232229,132.1514206151407,68.43138746438426,126.13664915736445,62.416616006607995,111.61570632942642,0.09107142857142858,1.256954348885541,-0.009821428571428571,0.009821428571428571,0.7649191438596222,-0.239053674633186,0.19684887829335024,0.002212880237111114,0.3520649067196738,0.15865882320715813,125,0,0,0,0,0.036445064715864034,0,0,0.09119068278677708,-0.5877450244177437,0.12174322308250096,-0.1951410198023643,0.13884626143300266,-2.2794867661553586,0,0,0,0,9.107142857142858,11.410904177098269,146.67857935582313,10.069830778145072,0.19684887829335024,0.002212880237111114,16.47566757840736,13.689113833220478,59.728039015711936,125,0,0,0,0,0,1.0,1.0,1,0,0,0,0,0,0,0,0
137.5,130.26785714285714,134.31515175062918,117.94650945031958,125.20800889348632,116.96436659317672,116.38871129093297,113.66081743318404,82.88553985008764,131.9507473156537,68.36459702214961,125.93597585787745,62.34982556437335,111.41503302993942,0.09107142857142858,1.2571347910242145,-0.009821428571428571,0.009821428571428571,0.7654073634691139,-0.24192353382200152,0.19740412840158444,0.0014134236817789098,0.35263742019185135,0.14766433130027282,125,0,0,0,0,0.035731790753549576,0,0,0.10409716100985934,-0.5601986511084659,0.1003568202111765,-0.12464160233051719,0.09015912743801496,-2.1183099965987675,0,0,0,0,9.107142857142858,11.391534124227814,147.86411654293957,10.122142992258516,0.19740412840158444,0.0014134236817789098,15.5478286250305,13.993162232764123,59.23375830003426,125,0,0,0,0,0,1.0,1.0,1,0,0,0,0,0,0,0,0
137.5,130.26785714285714,134.3212818891721,117.96541374899498,125.21413903202925,116.98327089185211,116.21951046872968,113.21898153513852,82.8284495608933,131.75577662559272,68.30750673295528,125.74100516781645,62.29273527517901,111.22006233987842,0.09107142857142858,1.257310884236935,-0.009821428571428571,0.009821428571428571,0.7659531847693765,-0.24465536390270054,0.19786178512540273,0.0009027901605337561,0.3529806634120053,0.137446790322796,125,0,0,0,0,0.034705494334646446,0,0,0.11423135909519855,-0.5325333811711391,0.08270586931613928,-0.07961180616754432,0.04713816062357215,-1.9687063943919543,0,0,0,0,9.107142857142858,11.372629825552416,149.00414892566366,10.175565434510103,0.19786178512540273,0.0009027901605337561,14.700766367984887,14.27170491368084,58.79852991370543,125,0,0,0,0,0,1.0,1.0,1,0,0,0,0,0,0,0,0
137.5,130.26785714285714,134.32720938325568,117.98370392435142,125.22006652611282,117.00156106720856,116.05668948590963,112.82208770068743,82.77993241674754,131.5670505755251,68.25898958880951,125.55227911774884,62.24421813103325,111.03133628981081,0.09107142857142858,1.2574812473343644,-0.009821428571428571,0.009821428571428571,0.7665434058182027,-0.2472493414266176,0.19823891388320025,0.0005766353602577238,0.3531216396984572,0.12795043661606884,125,0,0,0,0,0.03343974463717992,0,0,0.1218570604352916,-0.5050576283956926,0.06814563380286887,-0.050850113942868605,0.009252353957210649,-1.8298350882989116,0,0,0,0,9.107142857142858,11.354339650195977,150.0994045867694,10.229380594268694,0.19823891388320025,0.0005766353602577238,13.930083606718574,14.527528041378817,58.41569095636135,125,0,0,0,0,0,1.0,1.0,1,0,0,0,0,0,0,0,0
137.5,130.26785714285714,134.33289852646246,118.00126863224216,125.22575566931961,117.0191257750993,115.9001020157329,112.46613587026437,82.73893478363873,131.38498792208418,68.2179919557007,125.37021646430793,62.203220497924434,110.8492736363699,0.09107142857142858,1.2576448442436905,-0.009821428571428571,0.009821428571428571,0.767166155186111,-0.2497070442007146,0.19854962763772788,0.00036831187715203305,0.35308481085273175,0.1191235567831729,125,0,0,0,0,0.03199901909322065,0,0,0.12724268672800565,-0.478023481243106,0.05613986800818104,-0.03247927929940766,-0.023983892247393487,-1.7009168448594647,0,0,0,0,9.107142857142858,11.336774942305222,151.15059420447886,10.282962390637001,0.19854962763772788,0.00036831187715203305,13.231211024732598,14.763243216364941,58.079171887043664,125,0,0,0,0,0,1.0,1.0,1,0,0,0,0,0,0,0,0
137.5,130.26785714285714,134.33832410372813,118.01802874299167,125.23118124658528,117.03588588584881,115.74945049984896,112.14738765712984,82.70448339438501,131.20989573816308,68.18354056644698,125.19512428038684,62.168769108670716,110.6741814524488,0.09107142857142858,1.2578009390913762,-0.009821428571428571,0.009821428571428571,0.7678108951202579,-0.2520311842950934,0.19880558626364525,0.0002352502954216411,0.35289231494790174,0.11091819086923321,125,0,0,0,0,0.030438919981065193,0,0,0.1306532869307543,-0.45163255650841355,0.046243582358771955,-0.020745353392749105,-0.05301446968459744,-1.5812295207164095,0,0,0,0,9.107142857142858,11.320014831555714,152.15842590118902,10.335775254991647,0.19880558626364525,0.0002352502954216411,12.59949986322829,14.981252990775351,57.78347775624406,125,0,0,0,0,0,1.0,1.0,1,0,0,0,0,0,0,0,0
137.5,130.26785714285714,134.34346985508324,118.03393270097688,125.2363269979404,117.05178984383402,115.60434924808256,111.86237241466506,82.675688714414,131.04198122364096,68.15474588647596,125.02720976586471,62.1399744286997,110.50626693792668,0.09107142857142858,1.2579490528916606,-0.009821428571428571,0.009821428571428571,0.7684683897461192,-0.2542253702686182,0.19901641562741446,0.00015026043125166024,0.35256416635245225,0.10328985743729059,125,0,0,0,0,0.028806600132668992,0,0,0.13234456341374118,-0.42604183290149145,0.03808816314891526,-0.01325059227524324,-0.07824496849519368,-1.4701038520606386,0,0,0,0,9.107142857142858,11.304110873570512,153.12362082715254,10.387370709567678,0.19901641562741446,0.00015026043125166024,12.030304071714296,15.183733358103494,57.52366181019159,125,0,0,0,0,0,1.0,1.0,1,0,0,0,0,0,0,0,0
137.5,130.26785714285714,134.34832703323036,118.04895215020602,125.24118417608751,117.06680929306316,115.46437137920398,111.60788576083519,82.65174549157261,130.88136340880928,68.13080266363458,124.86659195103303,62.11603120585832,110.345649123095,0.09107142857142858,1.2580889227336458,-0.009821428571428571,0.009821428571428571,0.7691306476298929,-0.25629389814495895,0.19919005772943213,9.597521295124244e-05,0.35211843939728515,0.09619729891684198,125,0,0,0,0,0.02714133666143545,0,0,0.13255859009575455,-0.4013693176348085,0.031368677658154175,-0.008463495044923877,-0.10004581357165013,-1.3669195561188063,0,0,0,0,9.107142857142858,11.289091424341374,154.04692758082507,10.437382147925456,0.19919005772943213,9.597521295124244e-05,11.519049831932739,15.372628964106227,57.295293818616216,125,0,0,0,0,0,1.0,1.0,1,0,0,0,0,0,0,0,0
137.5,130.26785714285714,134.3528930757457,118.06307789210075,125.24575021860285,117.08093503495789,115.32908263850524,111.38098271849681,82.6319311669765,130.72808449411744,68.11098833903847,124.71331303634119,62.09621688126221,110.19237020840316,0.09107142857142858,1.2582204640817751,-0.009821428571428571,0.009821428571428571,0.7697908464068246,-0.2582415700259765,0.19933306226616374,6.130184390066811e-05,0.3515714369839529,0.08960224572285054,125,0,0,0,0,0.02547520259031059,0,0,0.13152092067691618,-0.37769943477219897,0.025833137034492918,-0.005405852575305856,-0.11875515176126468,-1.2711017214777696,0,0,0,0,9.107142857142858,11.274965682446647,154.92913429285923,10.485518411932082,0.19933306226616374,6.130184390066811e-05,11.061291768240306,15.549657516256415,57.09442505295481,125,0,0,0,0,0,1.0,1.0,1,0,0,0,0,0,0,0,0
137.5,130.26785714285714,134.35717040449032,118.07631621723714,125.25002754734747,117.09417336009427,115.19806475714906,111.17896713908857,82.61560270863384,130.58212063321227,68.09465988069581,124.56734917543602,62.07988842291955,110.04640634749799,0.09107142857142858,1.2583437365760033,-0.009821428571428571,0.009821428571428571,0.7704432457682017,-0.2600735387507362,0.1994508287910235,3.915506879397063e-05,0.35093784533109873,0.08346919775473094,125,0,0,0,0,0.02383379510092955,0,0,0.1294388238738939,-0.3550880551316918,0.021273472909411832,-0.0034528574673731343,-0.13468150938039597,-1.1821174657700724,0,0,0,0,9.107142857142858,11.261727357310258,155.77107774563407,10.531556654646955,0.1994508287910235,3.915506879397063e-05,10.652756195167754,15.716320545167134,56.91755147271803,125,0,0,0,0,0,1.0,1.0,1,0,0,0,0,0,0,0,0
137.5,130.26785714285714,134.36116535817618,118.08868563266597,125.25402250103333,117.10654277552311,115.07093063928953,110.99937868913281,82.60219233027941,130.4433920216154,68.08124950234138,124.42862056383916,62.066478044565116,109.90767773590113,0.09107142857142858,1.2584589135301147,-0.009821428571428571,0.009821428571428571,0.771083093871626,-0.26179517667461405,0.19954780744934655,2.5009352324618472e-05,0.3502308759627515,0.07776522198819183,125,0,0,0,0,0.022236986543642263,0,0,0.1265004174958564,-0.33356711441946163,0.017517990419808623,-0.002205429120367728,-0.14810623795849878,-1.0994728408455738,0,0,0,0,9.107142857142858,11.24935794188142,156.57364930199847,10.575334881837218,0.19954780744934655,2.5009352324618472e-05,10.28937244265694,15.873918271898962,56.761576357651585,125,0,0,0,0,0,1.0,1.0,1,0,0,0,0,0,0,0,0
137.5,130.26785714285714,134.3648872587073,118.10021398999865,125.25774440156445,117.11807113285579,114.94733329851579,110.83997837328333,82.59120247222556,130.3117722008777,68.07025964428753,124.29700074310144,62.05548818651127,109.7760579151634,0.09107142857142858,1.2585662551735812,-0.009821428571428571,0.009821428571428571,0.7717065311775487,-0.26341196643375353,0.199627665122524,1.5974118369911105e-05,0.34946239595597933,0.07245976496848888,125,0,0,0,0,0.02069967084294906,0,0,0.12287450487324865,-0.3131487892363301,0.014425078851172838,-0.0014086644615152171,-0.15928576475036338,-1.0227099670356035,0,0,0,0,9.107142857142858,11.237829584548747,157.33779770439247,10.616744478274565,0.199627665122524,1.5974118369911105e-05,9.967293698241713,16.02356685100472,56.623773347534474,125,0,0,0,0,0,1.0,1.0,1,0,0,0,0,0,0,0,0
137.5,130.26785714285714,134.3683476077361,118.11093600630157,125.26120475059324,117.12879314915871,114.82697012899636,110.69873332730523,82.58220034727552,130.18709652790486,68.06125751933749,124.17232507012861,62.046486061561225,109.65138224219058,0.09107142857142858,1.2586660855601512,-0.009821428571428571,0.009821428571428571,0.7723104948047053,-0.2649294114562952,0.19969342278150667,1.0203081406660307e-05,0.34864304738590324,0.0675244791021831,125,0,0,0,0,0.01923248378504357,0,0,0.11871094598935654,-0.2938292197803492,0.01187798474189801,-0.000899750323785102,-0.1684536632800717,-0.9514043794867109,0,0,0,0,9.107142857142858,11.22710756824582,158.0645290014274,10.655722949198193,0.19969342278150667,1.0203081406660307e-05,9.68290897880641,16.166216690519246,56.50175061585557,125,0,0,0,0,0,1.0,1.0,1,0,0,0,0,0,0,0,0
137.5,130.26785714285714,134.37155940670633,118.12089115968621,125.26441654956346,117.13874830254335,114.70958379619479,110.57380142563572,82.57481229143868,130.06916979174005,68.05386946350065,124.05439833396379,62.039098005724384,109.53345550602576,0.09107142857142858,1.2587587729721108,-0.009821428571428571,0.009821428571428571,0.7728926257244633,-0.26635296396476277,0.19974756893614207,6.516971251886159e-06,0.34778235683269626,0.06293306172644277,125,0,0,0,0,0.01784248099879685,0,0,0.1141414219138605,-0.2755917836066776,0.00978047711225419,-0.000574693738124557,-0.1758225580027285,-0.8851625708094204,0,0,0,0,9.107142857142858,11.21715241486118,158.75490398192989,10.692247042493985,0.19974756893614207,6.516971251886159e-06,9.43284785594149,16.302670902328604,56.39341670458328,125,0,0,0,0,0,1.0,1.0,1,0,0,0,0,0,0,0,0
137.5,130.26785714285714,134.374536591385,118.13012193403982,125.26739373424215,117.14797907689696,114.59496077011578,110.463516100228,82.56871810520369,129.95777298594683,68.04777527726566,123.94300152817057,62.033003819489394,109.42205870023254,0.09107142857142858,1.2588447135802285,-0.009821428571428571,0.009821428571428571,0.7734511804665345,-0.2676879682660121,0.19979215327484978,4.162557624031769e-06,0.3468888357474829,0.05866110601076655,125,0,0,0,0,0.016533762248319105,0,0,0.10928047491461307,-0.2584099368930609,0.008053258370835214,-0.0003670717130171988,-0.1815858760826017,-0.8236197154610654,0,0,0,0,9.107142857142858,11.207921640507568,159.41003356198487,10.7263263629224,0.19979215327484978,4.162557624031769e-06,9.213979463343549,16.43360321789931,56.29694838141986,125,0,0,0,0,0,1.0,1.0,1,0,0,0,0,0,0,0,0
137.5,130.26785714285714,134.3772935704053,118.1386723823297,125.27015071326244,117.15652952518684,114.4829283006423,110.36637165175911,82.5636455255025,129.8526692645135,68.04270269756447,123.83789780673726,62.0279312397882,109.31695497879923,0.09107142857142858,1.2589243180731107,-0.009821428571428571,0.009821428571428571,0.7739849484737489,-0.26893961722965937,0.19982886391162039,2.6587329149825864e-06,0.34597007241157124,0.05468596281619432,125,0,0,0,0,0.015308034904545126,0,0,0.10422672797115005,-0.24224964856583683,0.006630996337408219,-0.0002344581706024738,-0.18591945828206666,-0.7664375623678279,0,0,0,0,9.107142857142858,11.199371192217683,160.0310725919926,10.757997545482462,0.19982886391162039,2.6587329149825864e-06,9.023407156331713,16.559574924873754,56.21076074503832,125,0,0,0,0,0,1.0,1.0,1,0,0,0,0,0,0,0,0
137.5,130.26785714285714,134.37984485654135,118.1465869750235,125.2727019993985,117.16444411788063,114.37335044760073,110.2810092443737,82.55936493038266,129.75360912362467,68.03842210244463,123.73883766584842,62.023650644668365,109.21789483791039,0.09107142857142858,1.2589980009431385,-0.009821428571428571,0.009821428571428571,0.774493175809553,-0.27011291999784603,0.19985909108312697,1.6982012867283862e-06,0.3450328161657951,0.05098661270203448,125,0,0,0,0,0.014165113106634982,0,0,0.09906420635051269,-0.2270714587088212,0.005459872265227684,-0.00014975448069920634,-0.18898304002837507,-0.713302483296108,0,0,0,0,9.107142857142858,11.191456599523896,160.61921253967208,10.787319019851548,0.19985909108312697,1.6982012867283862e-06,8.858460005458907,16.681050549283228,56.13347969458963,125,0,0,0,0,0,1.0,1.0,1,0,0,0,0,0,0,0,0
137.5,130.26785714285714,134.382204779198,118.15390969906646,125.27506192205514,117.1717668419236,114.26612362454122,110.20620370574309,82.55568434699113,129.66033486148854,68.0347415190531,123.64556340371229,62.01997006127684,109.12462057577426,0.09107142857142858,1.2590661721062295,-0.009821428571428571,0.009821428571428571,0.7749754955765958,-0.2712126791353636,0.1998839796554655,1.0846849617705335e-06,0.3440830545335519,0.04754354733026085,125,0,0,0,0,0.01310335212972394,0,0,0.09386370046661792,-0.21283219629821468,0.004495556670188572,-9.565204928393462e-05,-0.19092161286890766,-0.6639236654133427,0,0,0,0,9.107142857142858,11.184133875480928,161.17567347109602,10.814366370771566,0.1998839796554655,1.0846849617705335e-06,8.716682111587536,16.79841213522588,56.06391679401121,125,0,0,0,0,0,1.0,1.0,1,0,0,0,0,0,0,0,0
137.5,130.26785714285714,134.3843872668095,118.16068337320314,125.27724440966665,117.17854051606028,114.16117199105591,110.14085120123168,82.5524448079954,129.57258437443483,68.03150198005737,123.55781291665858,62.01673052228111,109.03687008872055,0.09107142857142858,1.259129230536157,-0.009821428571428571,0.009821428571428571,0.7754318651365077,-0.2722434756083546,0.19990447239538262,6.928162612323602e-07,0.34312608381204257,0.044338659573380006,125,0,0,0,0,0.012120019841309579,0,0,0.08868412349812597,-0.19948639289817893,0.0037015392966539065,-6.109543093133468e-05,-0.19186667573482377,-0.6180314373389955,0,0,0,0,9.107142857142858,11.17736020134425,161.70169570342472,10.839228279171408,0.19990447239538262,6.928162612323602e-07,8.595820543757496,16.91197206697594,56.00104649619811,125,0,0,0,0,0,1.0,1.0,1,0,0,0,0,0,0,0,0
137.5,130.26785714285714,134.38640568839566,118.16694914688858,125.2792628312528,117.18480628974572,114.05844292979957,110.08395781107984,82.54951608128101,129.49009435042976,68.02857325334298,123.47532289265351,62.01380179556672,108.95438006471548,0.09107142857142858,1.2591875596079674,-0.009821428571428571,0.009821428571428571,0.7758625100185015,-0.27320966016292525,0.1999213456233356,4.425196151373668e-07,0.34216657366094827,0.041355141683075435,125,0,0,0,0,0.011211608882790464,0,0,0.08357382929937429,-0.18698742893007042,0.0030477518845446507,-3.902322750666264e-05,-0.19193738470289237,-0.575375718782833,0,0,0,0,9.107142857142858,11.171094427658812,162.198531446704,10.862003014628973,0.1999213456233356,4.425196151373668e-07,8.493812532524949,17.021984444698827,55.94398564386758,125,0,0,0,0,0,0.7500000000000002,0.7500000000000002,1,0,0,0,0,0,0,0,0
137.5,130.26785714285714,134.39054493794882,118.17980251285681,125.28340208080597,117.19765965571395,113.95324109732618,110.04088049270742,82.54739035436566,129.42444311452755,68.02644752642763,123.4096716567513,62.01167606865137,108.88872882881327,0.09107142857142858,1.2593072101820224,-0.009821428571428571,0.009821428571428571,0.7762074131661924,-0.27404966353914234,0.19993523858504883,2.8264869163578565e-07,0.3412086261760131,0.03857739092460689,125,0,0,0,0,0.03664862073923324,0,0,0.054387429776951914,-0.14901392155676227,0.002509432800750367,-2.4925141893969843e-05,-0.19124160927116549,-0.5357245846045856,0,0,0,0,9.107142857142858,11.158241061690571,162.5953120689206,10.879831252019102,0.19993523858504883,2.8264869163578565e-07,8.425949191372746,17.132317812150994,55.88021921804926,125,0,0,0,0,0,0.24999999999999994,0.24999999999999994,1,0,0,0,0,0,0,0,0
137.5,130.26785714285714,134.39827512770552,118.20382073802224,125.29113227056266,117.22167788087938,113.8420374093249,110.01854612316075,82.54792476587642,129.38969303977814,68.02698193793839,123.37492158200189,62.012210480162125,108.85397875406386,0.09107142857142858,1.2595307808538219,-0.009821428571428571,0.009821428571428571,0.7764039657113367,-0.27464244759297574,0.19994667764533924,1.8053500941110125e-07,0.3402558298964808,0.03599092212606767,125,0,0,0,0,0.05277964798058308,0,0,0.02423358828079974,-0.08809969997659602,0.002066191315417406,-1.59203309959039e-05,-0.18987690254176676,-0.4988629348111008,0,0,0,0,9.107142857142858,11.134222836525137,162.80287084305152,10.890675827657608,0.19994667764533924,1.8053500941110125e-07,8.41125907978471,17.245478733737958,55.795287236143885,125,0,0,0,0,0,0.0,0.0,0,0,0,0,0,0,0,0,0
137.5,130.26785714285714,134.40674233531178,118.23015008062606,125.29959947816891,117.2480072234832,113.73104060988577,110.01544408583213,82.55366891880061,129.38213859587654,68.03272609086258,123.36736713810028,62.01795463308632,108.84642431016225,0.09107142857142858,1.2597758458012178,-0.009821428571428571,0.009821428571428571,0.7764935999769287,-0.27492766967878357,0.19748864255696244,1.1531236686234101e-07,0.3393113091598027,0.03358228663244431,125,0,0,0,0,0.045246330977842884,0,0,0.01162011795597012,-0.025989134346532737,-0.9852802266661429,-1.0168726023600184e-05,-0.1879313921294783,-0.464591262638245,0,0,0,0,9.107142857142858,11.107893493921333,162.83760983231647,10.898395053109866,0.19748864255696244,1.1531236686234101e-07,8.444477984987754,17.355606172721252,55.69433155489565,125,0,0,0,0,0,0.0,0.0,0,0,0,0,0,0,0,0,0
